array,barcode
1x1,GCCACATACAAGACTA-1
1x2,GCCACATAGAGCTGAA-1
1x3,GCCACATACTGAGCCA-1
1x4,GCCACATACTGGCATA-1
1x5,GCCACATAGAATCTGA-1
1x6,GCCACATACACTTCGA-1
1x7,GCCACATACAGCGTTA-1
1x8,GCCACATACATACCAA-1
1x9,GCCACATACCAGTTCA-1
1x10,GCCACATAATTGAGGA-1
1x11,GCCACATACAACCACA-1
1x12,GCCACATAGACTAGTA-1
1x13,GCCACATACAATGGAA-1
1x14,GCCACATAAAGGTACA-1
1x15,GCCACATAACACAGAA-1
1x16,GCCACATAACAGCAGA-1
1x17,GCCACATAACCTCCAA-1
1x18,GCCACATAAACAACCA-1
1x19,GCCACATAAACCGAGA-1
1x20,GCCACATAAACGCTTA-1
1x21,GCCACATAAAGACGGA-1
1x22,GCCACATAAACGTGAT-1
1x23,GCCACATAAAACATCG-1
1x24,GCCACATAATGCCTAA-1
1x25,GCCACATAAGTGGTCA-1
1x26,GCCACATAACCACTGT-1
1x27,GCCACATAACATTGGC-1
1x28,GCCACATACAGATCTG-1
1x29,GCCACATACATCAAGT-1
1x30,GCCACATACGCTGATC-1
1x31,GCCACATAACAAGCTA-1
1x32,GCCACATACTGTAGCC-1
1x33,GCCACATAAGTACAAG-1
1x34,GCCACATAACGCTCGA-1
1x35,GCCACATAACGTATCA-1
1x36,GCCACATAACTATGCA-1
1x37,GCCACATAAGAGTCAA-1
1x38,GCCACATAAGATCGCA-1
1x39,GCCACATAAGCAGGAA-1
1x40,GCCACATAAGTCACTA-1
1x41,GCCACATAATCCTGTA-1
1x42,GCCACATACCGAAGTA-1
1x43,GCCACATACCGTGAGA-1
1x44,GCCACATACCTCCTGA-1
1x45,GCCACATACGAACTTA-1
1x46,GCCACATACGACTGGA-1
1x47,GCCACATACGCATACA-1
1x48,GCCACATACTCAATGA-1
1x49,GCCACATAGATAGACA-1
1x50,GCCACATAGCCACATA-1
2x1,GATAGACACAAGACTA-1
2x2,GATAGACAGAGCTGAA-1
2x3,GATAGACACTGAGCCA-1
2x4,GATAGACACTGGCATA-1
2x5,GATAGACAGAATCTGA-1
2x6,GATAGACACACTTCGA-1
2x7,GATAGACACAGCGTTA-1
2x8,GATAGACACATACCAA-1
2x9,GATAGACACCAGTTCA-1
2x10,GATAGACAATTGAGGA-1
2x11,GATAGACACAACCACA-1
2x12,GATAGACAGACTAGTA-1
2x13,GATAGACACAATGGAA-1
2x14,GATAGACAAAGGTACA-1
2x15,GATAGACAACACAGAA-1
2x16,GATAGACAACAGCAGA-1
2x17,GATAGACAACCTCCAA-1
2x18,GATAGACAAACAACCA-1
2x19,GATAGACAAACCGAGA-1
2x20,GATAGACAAACGCTTA-1
2x21,GATAGACAAAGACGGA-1
2x22,GATAGACAAACGTGAT-1
2x23,GATAGACAAAACATCG-1
2x24,GATAGACAATGCCTAA-1
2x25,GATAGACAAGTGGTCA-1
2x26,GATAGACAACCACTGT-1
2x27,GATAGACAACATTGGC-1
2x28,GATAGACACAGATCTG-1
2x29,GATAGACACATCAAGT-1
2x30,GATAGACACGCTGATC-1
2x31,GATAGACAACAAGCTA-1
2x32,GATAGACACTGTAGCC-1
2x33,GATAGACAAGTACAAG-1
2x34,GATAGACAACGCTCGA-1
2x35,GATAGACAACGTATCA-1
2x36,GATAGACAACTATGCA-1
2x37,GATAGACAAGAGTCAA-1
2x38,GATAGACAAGATCGCA-1
2x39,GATAGACAAGCAGGAA-1
2x40,GATAGACAAGTCACTA-1
2x41,GATAGACAATCCTGTA-1
2x42,GATAGACACCGAAGTA-1
2x43,GATAGACACCGTGAGA-1
2x44,GATAGACACCTCCTGA-1
2x45,GATAGACACGAACTTA-1
2x46,GATAGACACGACTGGA-1
2x47,GATAGACACGCATACA-1
2x48,GATAGACACTCAATGA-1
2x49,GATAGACAGATAGACA-1
2x50,GATAGACAGCCACATA-1
3x1,CTCAATGACAAGACTA-1
3x2,CTCAATGAGAGCTGAA-1
3x3,CTCAATGACTGAGCCA-1
3x4,CTCAATGACTGGCATA-1
3x5,CTCAATGAGAATCTGA-1
3x6,CTCAATGACACTTCGA-1
3x7,CTCAATGACAGCGTTA-1
3x8,CTCAATGACATACCAA-1
3x9,CTCAATGACCAGTTCA-1
3x10,CTCAATGAATTGAGGA-1
3x11,CTCAATGACAACCACA-1
3x12,CTCAATGAGACTAGTA-1
3x13,CTCAATGACAATGGAA-1
3x14,CTCAATGAAAGGTACA-1
3x15,CTCAATGAACACAGAA-1
3x16,CTCAATGAACAGCAGA-1
3x17,CTCAATGAACCTCCAA-1
3x18,CTCAATGAAACAACCA-1
3x19,CTCAATGAAACCGAGA-1
3x20,CTCAATGAAACGCTTA-1
3x21,CTCAATGAAAGACGGA-1
3x22,CTCAATGAAACGTGAT-1
3x23,CTCAATGAAAACATCG-1
3x24,CTCAATGAATGCCTAA-1
3x25,CTCAATGAAGTGGTCA-1
3x26,CTCAATGAACCACTGT-1
3x27,CTCAATGAACATTGGC-1
3x28,CTCAATGACAGATCTG-1
3x29,CTCAATGACATCAAGT-1
3x30,CTCAATGACGCTGATC-1
3x31,CTCAATGAACAAGCTA-1
3x32,CTCAATGACTGTAGCC-1
3x33,CTCAATGAAGTACAAG-1
3x34,CTCAATGAACGCTCGA-1
3x35,CTCAATGAACGTATCA-1
3x36,CTCAATGAACTATGCA-1
3x37,CTCAATGAAGAGTCAA-1
3x38,CTCAATGAAGATCGCA-1
3x39,CTCAATGAAGCAGGAA-1
3x40,CTCAATGAAGTCACTA-1
3x41,CTCAATGAATCCTGTA-1
3x42,CTCAATGACCGAAGTA-1
3x43,CTCAATGACCGTGAGA-1
3x44,CTCAATGACCTCCTGA-1
3x45,CTCAATGACGAACTTA-1
3x46,CTCAATGACGACTGGA-1
3x47,CTCAATGACGCATACA-1
3x48,CTCAATGACTCAATGA-1
3x49,CTCAATGAGATAGACA-1
3x50,CTCAATGAGCCACATA-1
4x1,CGCATACACAAGACTA-1
4x2,CGCATACAGAGCTGAA-1
4x3,CGCATACACTGAGCCA-1
4x4,CGCATACACTGGCATA-1
4x5,CGCATACAGAATCTGA-1
4x6,CGCATACACACTTCGA-1
4x7,CGCATACACAGCGTTA-1
4x8,CGCATACACATACCAA-1
4x9,CGCATACACCAGTTCA-1
4x10,CGCATACAATTGAGGA-1
4x11,CGCATACACAACCACA-1
4x12,CGCATACAGACTAGTA-1
4x13,CGCATACACAATGGAA-1
4x14,CGCATACAAAGGTACA-1
4x15,CGCATACAACACAGAA-1
4x16,CGCATACAACAGCAGA-1
4x17,CGCATACAACCTCCAA-1
4x18,CGCATACAAACAACCA-1
4x19,CGCATACAAACCGAGA-1
4x20,CGCATACAAACGCTTA-1
4x21,CGCATACAAAGACGGA-1
4x22,CGCATACAAACGTGAT-1
4x23,CGCATACAAAACATCG-1
4x24,CGCATACAATGCCTAA-1
4x25,CGCATACAAGTGGTCA-1
4x26,CGCATACAACCACTGT-1
4x27,CGCATACAACATTGGC-1
4x28,CGCATACACAGATCTG-1
4x29,CGCATACACATCAAGT-1
4x30,CGCATACACGCTGATC-1
4x31,CGCATACAACAAGCTA-1
4x32,CGCATACACTGTAGCC-1
4x33,CGCATACAAGTACAAG-1
4x34,CGCATACAACGCTCGA-1
4x35,CGCATACAACGTATCA-1
4x36,CGCATACAACTATGCA-1
4x37,CGCATACAAGAGTCAA-1
4x38,CGCATACAAGATCGCA-1
4x39,CGCATACAAGCAGGAA-1
4x40,CGCATACAAGTCACTA-1
4x41,CGCATACAATCCTGTA-1
4x42,CGCATACACCGAAGTA-1
4x43,CGCATACACCGTGAGA-1
4x44,CGCATACACCTCCTGA-1
4x45,CGCATACACGAACTTA-1
4x46,CGCATACACGACTGGA-1
4x47,CGCATACACGCATACA-1
4x48,CGCATACACTCAATGA-1
4x49,CGCATACAGATAGACA-1
4x50,CGCATACAGCCACATA-1
5x1,CGACTGGACAAGACTA-1
5x2,CGACTGGAGAGCTGAA-1
5x3,CGACTGGACTGAGCCA-1
5x4,CGACTGGACTGGCATA-1
5x5,CGACTGGAGAATCTGA-1
5x6,CGACTGGACACTTCGA-1
5x7,CGACTGGACAGCGTTA-1
5x8,CGACTGGACATACCAA-1
5x9,CGACTGGACCAGTTCA-1
5x10,CGACTGGAATTGAGGA-1
5x11,CGACTGGACAACCACA-1
5x12,CGACTGGAGACTAGTA-1
5x13,CGACTGGACAATGGAA-1
5x14,CGACTGGAAAGGTACA-1
5x15,CGACTGGAACACAGAA-1
5x16,CGACTGGAACAGCAGA-1
5x17,CGACTGGAACCTCCAA-1
5x18,CGACTGGAAACAACCA-1
5x19,CGACTGGAAACCGAGA-1
5x20,CGACTGGAAACGCTTA-1
5x21,CGACTGGAAAGACGGA-1
5x22,CGACTGGAAACGTGAT-1
5x23,CGACTGGAAAACATCG-1
5x24,CGACTGGAATGCCTAA-1
5x25,CGACTGGAAGTGGTCA-1
5x26,CGACTGGAACCACTGT-1
5x27,CGACTGGAACATTGGC-1
5x28,CGACTGGACAGATCTG-1
5x29,CGACTGGACATCAAGT-1
5x30,CGACTGGACGCTGATC-1
5x31,CGACTGGAACAAGCTA-1
5x32,CGACTGGACTGTAGCC-1
5x33,CGACTGGAAGTACAAG-1
5x34,CGACTGGAACGCTCGA-1
5x35,CGACTGGAACGTATCA-1
5x36,CGACTGGAACTATGCA-1
5x37,CGACTGGAAGAGTCAA-1
5x38,CGACTGGAAGATCGCA-1
5x39,CGACTGGAAGCAGGAA-1
5x40,CGACTGGAAGTCACTA-1
5x41,CGACTGGAATCCTGTA-1
5x42,CGACTGGACCGAAGTA-1
5x43,CGACTGGACCGTGAGA-1
5x44,CGACTGGACCTCCTGA-1
5x45,CGACTGGACGAACTTA-1
5x46,CGACTGGACGACTGGA-1
5x47,CGACTGGACGCATACA-1
5x48,CGACTGGACTCAATGA-1
5x49,CGACTGGAGATAGACA-1
5x50,CGACTGGAGCCACATA-1
6x1,CGAACTTACAAGACTA-1
6x2,CGAACTTAGAGCTGAA-1
6x3,CGAACTTACTGAGCCA-1
6x4,CGAACTTACTGGCATA-1
6x5,CGAACTTAGAATCTGA-1
6x6,CGAACTTACACTTCGA-1
6x7,CGAACTTACAGCGTTA-1
6x8,CGAACTTACATACCAA-1
6x9,CGAACTTACCAGTTCA-1
6x10,CGAACTTAATTGAGGA-1
6x11,CGAACTTACAACCACA-1
6x12,CGAACTTAGACTAGTA-1
6x13,CGAACTTACAATGGAA-1
6x14,CGAACTTAAAGGTACA-1
6x15,CGAACTTAACACAGAA-1
6x16,CGAACTTAACAGCAGA-1
6x17,CGAACTTAACCTCCAA-1
6x18,CGAACTTAAACAACCA-1
6x19,CGAACTTAAACCGAGA-1
6x20,CGAACTTAAACGCTTA-1
6x21,CGAACTTAAAGACGGA-1
6x22,CGAACTTAAACGTGAT-1
6x23,CGAACTTAAAACATCG-1
6x24,CGAACTTAATGCCTAA-1
6x25,CGAACTTAAGTGGTCA-1
6x26,CGAACTTAACCACTGT-1
6x27,CGAACTTAACATTGGC-1
6x28,CGAACTTACAGATCTG-1
6x29,CGAACTTACATCAAGT-1
6x30,CGAACTTACGCTGATC-1
6x31,CGAACTTAACAAGCTA-1
6x32,CGAACTTACTGTAGCC-1
6x33,CGAACTTAAGTACAAG-1
6x34,CGAACTTAACGCTCGA-1
6x35,CGAACTTAACGTATCA-1
6x36,CGAACTTAACTATGCA-1
6x37,CGAACTTAAGAGTCAA-1
6x38,CGAACTTAAGATCGCA-1
6x39,CGAACTTAAGCAGGAA-1
6x40,CGAACTTAAGTCACTA-1
6x41,CGAACTTAATCCTGTA-1
6x42,CGAACTTACCGAAGTA-1
6x43,CGAACTTACCGTGAGA-1
6x44,CGAACTTACCTCCTGA-1
6x45,CGAACTTACGAACTTA-1
6x46,CGAACTTACGACTGGA-1
6x47,CGAACTTACGCATACA-1
6x48,CGAACTTACTCAATGA-1
6x49,CGAACTTAGATAGACA-1
6x50,CGAACTTAGCCACATA-1
7x1,CCTCCTGACAAGACTA-1
7x2,CCTCCTGAGAGCTGAA-1
7x3,CCTCCTGACTGAGCCA-1
7x4,CCTCCTGACTGGCATA-1
7x5,CCTCCTGAGAATCTGA-1
7x6,CCTCCTGACACTTCGA-1
7x7,CCTCCTGACAGCGTTA-1
7x8,CCTCCTGACATACCAA-1
7x9,CCTCCTGACCAGTTCA-1
7x10,CCTCCTGAATTGAGGA-1
7x11,CCTCCTGACAACCACA-1
7x12,CCTCCTGAGACTAGTA-1
7x13,CCTCCTGACAATGGAA-1
7x14,CCTCCTGAAAGGTACA-1
7x15,CCTCCTGAACACAGAA-1
7x16,CCTCCTGAACAGCAGA-1
7x17,CCTCCTGAACCTCCAA-1
7x18,CCTCCTGAAACAACCA-1
7x19,CCTCCTGAAACCGAGA-1
7x20,CCTCCTGAAACGCTTA-1
7x21,CCTCCTGAAAGACGGA-1
7x22,CCTCCTGAAACGTGAT-1
7x23,CCTCCTGAAAACATCG-1
7x24,CCTCCTGAATGCCTAA-1
7x25,CCTCCTGAAGTGGTCA-1
7x26,CCTCCTGAACCACTGT-1
7x27,CCTCCTGAACATTGGC-1
7x28,CCTCCTGACAGATCTG-1
7x29,CCTCCTGACATCAAGT-1
7x30,CCTCCTGACGCTGATC-1
7x31,CCTCCTGAACAAGCTA-1
7x32,CCTCCTGACTGTAGCC-1
7x33,CCTCCTGAAGTACAAG-1
7x34,CCTCCTGAACGCTCGA-1
7x35,CCTCCTGAACGTATCA-1
7x36,CCTCCTGAACTATGCA-1
7x37,CCTCCTGAAGAGTCAA-1
7x38,CCTCCTGAAGATCGCA-1
7x39,CCTCCTGAAGCAGGAA-1
7x40,CCTCCTGAAGTCACTA-1
7x41,CCTCCTGAATCCTGTA-1
7x42,CCTCCTGACCGAAGTA-1
7x43,CCTCCTGACCGTGAGA-1
7x44,CCTCCTGACCTCCTGA-1
7x45,CCTCCTGACGAACTTA-1
7x46,CCTCCTGACGACTGGA-1
7x47,CCTCCTGACGCATACA-1
7x48,CCTCCTGACTCAATGA-1
7x49,CCTCCTGAGATAGACA-1
7x50,CCTCCTGAGCCACATA-1
8x1,CCGTGAGACAAGACTA-1
8x2,CCGTGAGAGAGCTGAA-1
8x3,CCGTGAGACTGAGCCA-1
8x4,CCGTGAGACTGGCATA-1
8x5,CCGTGAGAGAATCTGA-1
8x6,CCGTGAGACACTTCGA-1
8x7,CCGTGAGACAGCGTTA-1
8x8,CCGTGAGACATACCAA-1
8x9,CCGTGAGACCAGTTCA-1
8x10,CCGTGAGAATTGAGGA-1
8x11,CCGTGAGACAACCACA-1
8x12,CCGTGAGAGACTAGTA-1
8x13,CCGTGAGACAATGGAA-1
8x14,CCGTGAGAAAGGTACA-1
8x15,CCGTGAGAACACAGAA-1
8x16,CCGTGAGAACAGCAGA-1
8x17,CCGTGAGAACCTCCAA-1
8x18,CCGTGAGAAACAACCA-1
8x19,CCGTGAGAAACCGAGA-1
8x20,CCGTGAGAAACGCTTA-1
8x21,CCGTGAGAAAGACGGA-1
8x22,CCGTGAGAAACGTGAT-1
8x23,CCGTGAGAAAACATCG-1
8x24,CCGTGAGAATGCCTAA-1
8x25,CCGTGAGAAGTGGTCA-1
8x26,CCGTGAGAACCACTGT-1
8x27,CCGTGAGAACATTGGC-1
8x28,CCGTGAGACAGATCTG-1
8x29,CCGTGAGACATCAAGT-1
8x30,CCGTGAGACGCTGATC-1
8x31,CCGTGAGAACAAGCTA-1
8x32,CCGTGAGACTGTAGCC-1
8x33,CCGTGAGAAGTACAAG-1
8x34,CCGTGAGAACGCTCGA-1
8x35,CCGTGAGAACGTATCA-1
8x36,CCGTGAGAACTATGCA-1
8x37,CCGTGAGAAGAGTCAA-1
8x38,CCGTGAGAAGATCGCA-1
8x39,CCGTGAGAAGCAGGAA-1
8x40,CCGTGAGAAGTCACTA-1
8x41,CCGTGAGAATCCTGTA-1
8x42,CCGTGAGACCGAAGTA-1
8x43,CCGTGAGACCGTGAGA-1
8x44,CCGTGAGACCTCCTGA-1
8x45,CCGTGAGACGAACTTA-1
8x46,CCGTGAGACGACTGGA-1
8x47,CCGTGAGACGCATACA-1
8x48,CCGTGAGACTCAATGA-1
8x49,CCGTGAGAGATAGACA-1
8x50,CCGTGAGAGCCACATA-1
9x1,CCGAAGTACAAGACTA-1
9x2,CCGAAGTAGAGCTGAA-1
9x3,CCGAAGTACTGAGCCA-1
9x4,CCGAAGTACTGGCATA-1
9x5,CCGAAGTAGAATCTGA-1
9x6,CCGAAGTACACTTCGA-1
9x7,CCGAAGTACAGCGTTA-1
9x8,CCGAAGTACATACCAA-1
9x9,CCGAAGTACCAGTTCA-1
9x10,CCGAAGTAATTGAGGA-1
9x11,CCGAAGTACAACCACA-1
9x12,CCGAAGTAGACTAGTA-1
9x13,CCGAAGTACAATGGAA-1
9x14,CCGAAGTAAAGGTACA-1
9x15,CCGAAGTAACACAGAA-1
9x16,CCGAAGTAACAGCAGA-1
9x17,CCGAAGTAACCTCCAA-1
9x18,CCGAAGTAAACAACCA-1
9x19,CCGAAGTAAACCGAGA-1
9x20,CCGAAGTAAACGCTTA-1
9x21,CCGAAGTAAAGACGGA-1
9x22,CCGAAGTAAACGTGAT-1
9x23,CCGAAGTAAAACATCG-1
9x24,CCGAAGTAATGCCTAA-1
9x25,CCGAAGTAAGTGGTCA-1
9x26,CCGAAGTAACCACTGT-1
9x27,CCGAAGTAACATTGGC-1
9x28,CCGAAGTACAGATCTG-1
9x29,CCGAAGTACATCAAGT-1
9x30,CCGAAGTACGCTGATC-1
9x31,CCGAAGTAACAAGCTA-1
9x32,CCGAAGTACTGTAGCC-1
9x33,CCGAAGTAAGTACAAG-1
9x34,CCGAAGTAACGCTCGA-1
9x35,CCGAAGTAACGTATCA-1
9x36,CCGAAGTAACTATGCA-1
9x37,CCGAAGTAAGAGTCAA-1
9x38,CCGAAGTAAGATCGCA-1
9x39,CCGAAGTAAGCAGGAA-1
9x40,CCGAAGTAAGTCACTA-1
9x41,CCGAAGTAATCCTGTA-1
9x42,CCGAAGTACCGAAGTA-1
9x43,CCGAAGTACCGTGAGA-1
9x44,CCGAAGTACCTCCTGA-1
9x45,CCGAAGTACGAACTTA-1
9x46,CCGAAGTACGACTGGA-1
9x47,CCGAAGTACGCATACA-1
9x48,CCGAAGTACTCAATGA-1
9x49,CCGAAGTAGATAGACA-1
9x50,CCGAAGTAGCCACATA-1
10x1,ATCCTGTACAAGACTA-1
10x2,ATCCTGTAGAGCTGAA-1
10x3,ATCCTGTACTGAGCCA-1
10x4,ATCCTGTACTGGCATA-1
10x5,ATCCTGTAGAATCTGA-1
10x6,ATCCTGTACACTTCGA-1
10x7,ATCCTGTACAGCGTTA-1
10x8,ATCCTGTACATACCAA-1
10x9,ATCCTGTACCAGTTCA-1
10x10,ATCCTGTAATTGAGGA-1
10x11,ATCCTGTACAACCACA-1
10x12,ATCCTGTAGACTAGTA-1
10x13,ATCCTGTACAATGGAA-1
10x14,ATCCTGTAAAGGTACA-1
10x15,ATCCTGTAACACAGAA-1
10x16,ATCCTGTAACAGCAGA-1
10x17,ATCCTGTAACCTCCAA-1
10x18,ATCCTGTAAACAACCA-1
10x19,ATCCTGTAAACCGAGA-1
10x20,ATCCTGTAAACGCTTA-1
10x21,ATCCTGTAAAGACGGA-1
10x22,ATCCTGTAAACGTGAT-1
10x23,ATCCTGTAAAACATCG-1
10x24,ATCCTGTAATGCCTAA-1
10x25,ATCCTGTAAGTGGTCA-1
10x26,ATCCTGTAACCACTGT-1
10x27,ATCCTGTAACATTGGC-1
10x28,ATCCTGTACAGATCTG-1
10x29,ATCCTGTACATCAAGT-1
10x30,ATCCTGTACGCTGATC-1
10x31,ATCCTGTAACAAGCTA-1
10x32,ATCCTGTACTGTAGCC-1
10x33,ATCCTGTAAGTACAAG-1
10x34,ATCCTGTAACGCTCGA-1
10x35,ATCCTGTAACGTATCA-1
10x36,ATCCTGTAACTATGCA-1
10x37,ATCCTGTAAGAGTCAA-1
10x38,ATCCTGTAAGATCGCA-1
10x39,ATCCTGTAAGCAGGAA-1
10x40,ATCCTGTAAGTCACTA-1
10x41,ATCCTGTAATCCTGTA-1
10x42,ATCCTGTACCGAAGTA-1
10x43,ATCCTGTACCGTGAGA-1
10x44,ATCCTGTACCTCCTGA-1
10x45,ATCCTGTACGAACTTA-1
10x46,ATCCTGTACGACTGGA-1
10x47,ATCCTGTACGCATACA-1
10x48,ATCCTGTACTCAATGA-1
10x49,ATCCTGTAGATAGACA-1
10x50,ATCCTGTAGCCACATA-1
11x1,AGTCACTACAAGACTA-1
11x2,AGTCACTAGAGCTGAA-1
11x3,AGTCACTACTGAGCCA-1
11x4,AGTCACTACTGGCATA-1
11x5,AGTCACTAGAATCTGA-1
11x6,AGTCACTACACTTCGA-1
11x7,AGTCACTACAGCGTTA-1
11x8,AGTCACTACATACCAA-1
11x9,AGTCACTACCAGTTCA-1
11x10,AGTCACTAATTGAGGA-1
11x11,AGTCACTACAACCACA-1
11x12,AGTCACTAGACTAGTA-1
11x13,AGTCACTACAATGGAA-1
11x14,AGTCACTAAAGGTACA-1
11x15,AGTCACTAACACAGAA-1
11x16,AGTCACTAACAGCAGA-1
11x17,AGTCACTAACCTCCAA-1
11x18,AGTCACTAAACAACCA-1
11x19,AGTCACTAAACCGAGA-1
11x20,AGTCACTAAACGCTTA-1
11x21,AGTCACTAAAGACGGA-1
11x22,AGTCACTAAACGTGAT-1
11x23,AGTCACTAAAACATCG-1
11x24,AGTCACTAATGCCTAA-1
11x25,AGTCACTAAGTGGTCA-1
11x26,AGTCACTAACCACTGT-1
11x27,AGTCACTAACATTGGC-1
11x28,AGTCACTACAGATCTG-1
11x29,AGTCACTACATCAAGT-1
11x30,AGTCACTACGCTGATC-1
11x31,AGTCACTAACAAGCTA-1
11x32,AGTCACTACTGTAGCC-1
11x33,AGTCACTAAGTACAAG-1
11x34,AGTCACTAACGCTCGA-1
11x35,AGTCACTAACGTATCA-1
11x36,AGTCACTAACTATGCA-1
11x37,AGTCACTAAGAGTCAA-1
11x38,AGTCACTAAGATCGCA-1
11x39,AGTCACTAAGCAGGAA-1
11x40,AGTCACTAAGTCACTA-1
11x41,AGTCACTAATCCTGTA-1
11x42,AGTCACTACCGAAGTA-1
11x43,AGTCACTACCGTGAGA-1
11x44,AGTCACTACCTCCTGA-1
11x45,AGTCACTACGAACTTA-1
11x46,AGTCACTACGACTGGA-1
11x47,AGTCACTACGCATACA-1
11x48,AGTCACTACTCAATGA-1
11x49,AGTCACTAGATAGACA-1
11x50,AGTCACTAGCCACATA-1
12x1,AGCAGGAACAAGACTA-1
12x2,AGCAGGAAGAGCTGAA-1
12x3,AGCAGGAACTGAGCCA-1
12x4,AGCAGGAACTGGCATA-1
12x5,AGCAGGAAGAATCTGA-1
12x6,AGCAGGAACACTTCGA-1
12x7,AGCAGGAACAGCGTTA-1
12x8,AGCAGGAACATACCAA-1
12x9,AGCAGGAACCAGTTCA-1
12x10,AGCAGGAAATTGAGGA-1
12x11,AGCAGGAACAACCACA-1
12x12,AGCAGGAAGACTAGTA-1
12x13,AGCAGGAACAATGGAA-1
12x14,AGCAGGAAAAGGTACA-1
12x15,AGCAGGAAACACAGAA-1
12x16,AGCAGGAAACAGCAGA-1
12x17,AGCAGGAAACCTCCAA-1
12x18,AGCAGGAAAACAACCA-1
12x19,AGCAGGAAAACCGAGA-1
12x20,AGCAGGAAAACGCTTA-1
12x21,AGCAGGAAAAGACGGA-1
12x22,AGCAGGAAAACGTGAT-1
12x23,AGCAGGAAAAACATCG-1
12x24,AGCAGGAAATGCCTAA-1
12x25,AGCAGGAAAGTGGTCA-1
12x26,AGCAGGAAACCACTGT-1
12x27,AGCAGGAAACATTGGC-1
12x28,AGCAGGAACAGATCTG-1
12x29,AGCAGGAACATCAAGT-1
12x30,AGCAGGAACGCTGATC-1
12x31,AGCAGGAAACAAGCTA-1
12x32,AGCAGGAACTGTAGCC-1
12x33,AGCAGGAAAGTACAAG-1
12x34,AGCAGGAAACGCTCGA-1
12x35,AGCAGGAAACGTATCA-1
12x36,AGCAGGAAACTATGCA-1
12x37,AGCAGGAAAGAGTCAA-1
12x38,AGCAGGAAAGATCGCA-1
12x39,AGCAGGAAAGCAGGAA-1
12x40,AGCAGGAAAGTCACTA-1
12x41,AGCAGGAAATCCTGTA-1
12x42,AGCAGGAACCGAAGTA-1
12x43,AGCAGGAACCGTGAGA-1
12x44,AGCAGGAACCTCCTGA-1
12x45,AGCAGGAACGAACTTA-1
12x46,AGCAGGAACGACTGGA-1
12x47,AGCAGGAACGCATACA-1
12x48,AGCAGGAACTCAATGA-1
12x49,AGCAGGAAGATAGACA-1
12x50,AGCAGGAAGCCACATA-1
13x1,AGATCGCACAAGACTA-1
13x2,AGATCGCAGAGCTGAA-1
13x3,AGATCGCACTGAGCCA-1
13x4,AGATCGCACTGGCATA-1
13x5,AGATCGCAGAATCTGA-1
13x6,AGATCGCACACTTCGA-1
13x7,AGATCGCACAGCGTTA-1
13x8,AGATCGCACATACCAA-1
13x9,AGATCGCACCAGTTCA-1
13x10,AGATCGCAATTGAGGA-1
13x11,AGATCGCACAACCACA-1
13x12,AGATCGCAGACTAGTA-1
13x13,AGATCGCACAATGGAA-1
13x14,AGATCGCAAAGGTACA-1
13x15,AGATCGCAACACAGAA-1
13x16,AGATCGCAACAGCAGA-1
13x17,AGATCGCAACCTCCAA-1
13x18,AGATCGCAAACAACCA-1
13x19,AGATCGCAAACCGAGA-1
13x20,AGATCGCAAACGCTTA-1
13x21,AGATCGCAAAGACGGA-1
13x22,AGATCGCAAACGTGAT-1
13x23,AGATCGCAAAACATCG-1
13x24,AGATCGCAATGCCTAA-1
13x25,AGATCGCAAGTGGTCA-1
13x26,AGATCGCAACCACTGT-1
13x27,AGATCGCAACATTGGC-1
13x28,AGATCGCACAGATCTG-1
13x29,AGATCGCACATCAAGT-1
13x30,AGATCGCACGCTGATC-1
13x31,AGATCGCAACAAGCTA-1
13x32,AGATCGCACTGTAGCC-1
13x33,AGATCGCAAGTACAAG-1
13x34,AGATCGCAACGCTCGA-1
13x35,AGATCGCAACGTATCA-1
13x36,AGATCGCAACTATGCA-1
13x37,AGATCGCAAGAGTCAA-1
13x38,AGATCGCAAGATCGCA-1
13x39,AGATCGCAAGCAGGAA-1
13x40,AGATCGCAAGTCACTA-1
13x41,AGATCGCAATCCTGTA-1
13x42,AGATCGCACCGAAGTA-1
13x43,AGATCGCACCGTGAGA-1
13x44,AGATCGCACCTCCTGA-1
13x45,AGATCGCACGAACTTA-1
13x46,AGATCGCACGACTGGA-1
13x47,AGATCGCACGCATACA-1
13x48,AGATCGCACTCAATGA-1
13x49,AGATCGCAGATAGACA-1
13x50,AGATCGCAGCCACATA-1
14x1,AGAGTCAACAAGACTA-1
14x2,AGAGTCAAGAGCTGAA-1
14x3,AGAGTCAACTGAGCCA-1
14x4,AGAGTCAACTGGCATA-1
14x5,AGAGTCAAGAATCTGA-1
14x6,AGAGTCAACACTTCGA-1
14x7,AGAGTCAACAGCGTTA-1
14x8,AGAGTCAACATACCAA-1
14x9,AGAGTCAACCAGTTCA-1
14x10,AGAGTCAAATTGAGGA-1
14x11,AGAGTCAACAACCACA-1
14x12,AGAGTCAAGACTAGTA-1
14x13,AGAGTCAACAATGGAA-1
14x14,AGAGTCAAAAGGTACA-1
14x15,AGAGTCAAACACAGAA-1
14x16,AGAGTCAAACAGCAGA-1
14x17,AGAGTCAAACCTCCAA-1
14x18,AGAGTCAAAACAACCA-1
14x19,AGAGTCAAAACCGAGA-1
14x20,AGAGTCAAAACGCTTA-1
14x21,AGAGTCAAAAGACGGA-1
14x22,AGAGTCAAAACGTGAT-1
14x23,AGAGTCAAAAACATCG-1
14x24,AGAGTCAAATGCCTAA-1
14x25,AGAGTCAAAGTGGTCA-1
14x26,AGAGTCAAACCACTGT-1
14x27,AGAGTCAAACATTGGC-1
14x28,AGAGTCAACAGATCTG-1
14x29,AGAGTCAACATCAAGT-1
14x30,AGAGTCAACGCTGATC-1
14x31,AGAGTCAAACAAGCTA-1
14x32,AGAGTCAACTGTAGCC-1
14x33,AGAGTCAAAGTACAAG-1
14x34,AGAGTCAAACGCTCGA-1
14x35,AGAGTCAAACGTATCA-1
14x36,AGAGTCAAACTATGCA-1
14x37,AGAGTCAAAGAGTCAA-1
14x38,AGAGTCAAAGATCGCA-1
14x39,AGAGTCAAAGCAGGAA-1
14x40,AGAGTCAAAGTCACTA-1
14x41,AGAGTCAAATCCTGTA-1
14x42,AGAGTCAACCGAAGTA-1
14x43,AGAGTCAACCGTGAGA-1
14x44,AGAGTCAACCTCCTGA-1
14x45,AGAGTCAACGAACTTA-1
14x46,AGAGTCAACGACTGGA-1
14x47,AGAGTCAACGCATACA-1
14x48,AGAGTCAACTCAATGA-1
14x49,AGAGTCAAGATAGACA-1
14x50,AGAGTCAAGCCACATA-1
15x1,ACTATGCACAAGACTA-1
15x2,ACTATGCAGAGCTGAA-1
15x3,ACTATGCACTGAGCCA-1
15x4,ACTATGCACTGGCATA-1
15x5,ACTATGCAGAATCTGA-1
15x6,ACTATGCACACTTCGA-1
15x7,ACTATGCACAGCGTTA-1
15x8,ACTATGCACATACCAA-1
15x9,ACTATGCACCAGTTCA-1
15x10,ACTATGCAATTGAGGA-1
15x11,ACTATGCACAACCACA-1
15x12,ACTATGCAGACTAGTA-1
15x13,ACTATGCACAATGGAA-1
15x14,ACTATGCAAAGGTACA-1
15x15,ACTATGCAACACAGAA-1
15x16,ACTATGCAACAGCAGA-1
15x17,ACTATGCAACCTCCAA-1
15x18,ACTATGCAAACAACCA-1
15x19,ACTATGCAAACCGAGA-1
15x20,ACTATGCAAACGCTTA-1
15x21,ACTATGCAAAGACGGA-1
15x22,ACTATGCAAACGTGAT-1
15x23,ACTATGCAAAACATCG-1
15x24,ACTATGCAATGCCTAA-1
15x25,ACTATGCAAGTGGTCA-1
15x26,ACTATGCAACCACTGT-1
15x27,ACTATGCAACATTGGC-1
15x28,ACTATGCACAGATCTG-1
15x29,ACTATGCACATCAAGT-1
15x30,ACTATGCACGCTGATC-1
15x31,ACTATGCAACAAGCTA-1
15x32,ACTATGCACTGTAGCC-1
15x33,ACTATGCAAGTACAAG-1
15x34,ACTATGCAACGCTCGA-1
15x35,ACTATGCAACGTATCA-1
15x36,ACTATGCAACTATGCA-1
15x37,ACTATGCAAGAGTCAA-1
15x38,ACTATGCAAGATCGCA-1
15x39,ACTATGCAAGCAGGAA-1
15x40,ACTATGCAAGTCACTA-1
15x41,ACTATGCAATCCTGTA-1
15x42,ACTATGCACCGAAGTA-1
15x43,ACTATGCACCGTGAGA-1
15x44,ACTATGCACCTCCTGA-1
15x45,ACTATGCACGAACTTA-1
15x46,ACTATGCACGACTGGA-1
15x47,ACTATGCACGCATACA-1
15x48,ACTATGCACTCAATGA-1
15x49,ACTATGCAGATAGACA-1
15x50,ACTATGCAGCCACATA-1
16x1,ACGTATCACAAGACTA-1
16x2,ACGTATCAGAGCTGAA-1
16x3,ACGTATCACTGAGCCA-1
16x4,ACGTATCACTGGCATA-1
16x5,ACGTATCAGAATCTGA-1
16x6,ACGTATCACACTTCGA-1
16x7,ACGTATCACAGCGTTA-1
16x8,ACGTATCACATACCAA-1
16x9,ACGTATCACCAGTTCA-1
16x10,ACGTATCAATTGAGGA-1
16x11,ACGTATCACAACCACA-1
16x12,ACGTATCAGACTAGTA-1
16x13,ACGTATCACAATGGAA-1
16x14,ACGTATCAAAGGTACA-1
16x15,ACGTATCAACACAGAA-1
16x16,ACGTATCAACAGCAGA-1
16x17,ACGTATCAACCTCCAA-1
16x18,ACGTATCAAACAACCA-1
16x19,ACGTATCAAACCGAGA-1
16x20,ACGTATCAAACGCTTA-1
16x21,ACGTATCAAAGACGGA-1
16x22,ACGTATCAAACGTGAT-1
16x23,ACGTATCAAAACATCG-1
16x24,ACGTATCAATGCCTAA-1
16x25,ACGTATCAAGTGGTCA-1
16x26,ACGTATCAACCACTGT-1
16x27,ACGTATCAACATTGGC-1
16x28,ACGTATCACAGATCTG-1
16x29,ACGTATCACATCAAGT-1
16x30,ACGTATCACGCTGATC-1
16x31,ACGTATCAACAAGCTA-1
16x32,ACGTATCACTGTAGCC-1
16x33,ACGTATCAAGTACAAG-1
16x34,ACGTATCAACGCTCGA-1
16x35,ACGTATCAACGTATCA-1
16x36,ACGTATCAACTATGCA-1
16x37,ACGTATCAAGAGTCAA-1
16x38,ACGTATCAAGATCGCA-1
16x39,ACGTATCAAGCAGGAA-1
16x40,ACGTATCAAGTCACTA-1
16x41,ACGTATCAATCCTGTA-1
16x42,ACGTATCACCGAAGTA-1
16x43,ACGTATCACCGTGAGA-1
16x44,ACGTATCACCTCCTGA-1
16x45,ACGTATCACGAACTTA-1
16x46,ACGTATCACGACTGGA-1
16x47,ACGTATCACGCATACA-1
16x48,ACGTATCACTCAATGA-1
16x49,ACGTATCAGATAGACA-1
16x50,ACGTATCAGCCACATA-1
17x1,ACGCTCGACAAGACTA-1
17x2,ACGCTCGAGAGCTGAA-1
17x3,ACGCTCGACTGAGCCA-1
17x4,ACGCTCGACTGGCATA-1
17x5,ACGCTCGAGAATCTGA-1
17x6,ACGCTCGACACTTCGA-1
17x7,ACGCTCGACAGCGTTA-1
17x8,ACGCTCGACATACCAA-1
17x9,ACGCTCGACCAGTTCA-1
17x10,ACGCTCGAATTGAGGA-1
17x11,ACGCTCGACAACCACA-1
17x12,ACGCTCGAGACTAGTA-1
17x13,ACGCTCGACAATGGAA-1
17x14,ACGCTCGAAAGGTACA-1
17x15,ACGCTCGAACACAGAA-1
17x16,ACGCTCGAACAGCAGA-1
17x17,ACGCTCGAACCTCCAA-1
17x18,ACGCTCGAAACAACCA-1
17x19,ACGCTCGAAACCGAGA-1
17x20,ACGCTCGAAACGCTTA-1
17x21,ACGCTCGAAAGACGGA-1
17x22,ACGCTCGAAACGTGAT-1
17x23,ACGCTCGAAAACATCG-1
17x24,ACGCTCGAATGCCTAA-1
17x25,ACGCTCGAAGTGGTCA-1
17x26,ACGCTCGAACCACTGT-1
17x27,ACGCTCGAACATTGGC-1
17x28,ACGCTCGACAGATCTG-1
17x29,ACGCTCGACATCAAGT-1
17x30,ACGCTCGACGCTGATC-1
17x31,ACGCTCGAACAAGCTA-1
17x32,ACGCTCGACTGTAGCC-1
17x33,ACGCTCGAAGTACAAG-1
17x34,ACGCTCGAACGCTCGA-1
17x35,ACGCTCGAACGTATCA-1
17x36,ACGCTCGAACTATGCA-1
17x37,ACGCTCGAAGAGTCAA-1
17x38,ACGCTCGAAGATCGCA-1
17x39,ACGCTCGAAGCAGGAA-1
17x40,ACGCTCGAAGTCACTA-1
17x41,ACGCTCGAATCCTGTA-1
17x42,ACGCTCGACCGAAGTA-1
17x43,ACGCTCGACCGTGAGA-1
17x44,ACGCTCGACCTCCTGA-1
17x45,ACGCTCGACGAACTTA-1
17x46,ACGCTCGACGACTGGA-1
17x47,ACGCTCGACGCATACA-1
17x48,ACGCTCGACTCAATGA-1
17x49,ACGCTCGAGATAGACA-1
17x50,ACGCTCGAGCCACATA-1
18x1,AGTACAAGCAAGACTA-1
18x2,AGTACAAGGAGCTGAA-1
18x3,AGTACAAGCTGAGCCA-1
18x4,AGTACAAGCTGGCATA-1
18x5,AGTACAAGGAATCTGA-1
18x6,AGTACAAGCACTTCGA-1
18x7,AGTACAAGCAGCGTTA-1
18x8,AGTACAAGCATACCAA-1
18x9,AGTACAAGCCAGTTCA-1
18x10,AGTACAAGATTGAGGA-1
18x11,AGTACAAGCAACCACA-1
18x12,AGTACAAGGACTAGTA-1
18x13,AGTACAAGCAATGGAA-1
18x14,AGTACAAGAAGGTACA-1
18x15,AGTACAAGACACAGAA-1
18x16,AGTACAAGACAGCAGA-1
18x17,AGTACAAGACCTCCAA-1
18x18,AGTACAAGAACAACCA-1
18x19,AGTACAAGAACCGAGA-1
18x20,AGTACAAGAACGCTTA-1
18x21,AGTACAAGAAGACGGA-1
18x22,AGTACAAGAACGTGAT-1
18x23,AGTACAAGAAACATCG-1
18x24,AGTACAAGATGCCTAA-1
18x25,AGTACAAGAGTGGTCA-1
18x26,AGTACAAGACCACTGT-1
18x27,AGTACAAGACATTGGC-1
18x28,AGTACAAGCAGATCTG-1
18x29,AGTACAAGCATCAAGT-1
18x30,AGTACAAGCGCTGATC-1
18x31,AGTACAAGACAAGCTA-1
18x32,AGTACAAGCTGTAGCC-1
18x33,AGTACAAGAGTACAAG-1
18x34,AGTACAAGACGCTCGA-1
18x35,AGTACAAGACGTATCA-1
18x36,AGTACAAGACTATGCA-1
18x37,AGTACAAGAGAGTCAA-1
18x38,AGTACAAGAGATCGCA-1
18x39,AGTACAAGAGCAGGAA-1
18x40,AGTACAAGAGTCACTA-1
18x41,AGTACAAGATCCTGTA-1
18x42,AGTACAAGCCGAAGTA-1
18x43,AGTACAAGCCGTGAGA-1
18x44,AGTACAAGCCTCCTGA-1
18x45,AGTACAAGCGAACTTA-1
18x46,AGTACAAGCGACTGGA-1
18x47,AGTACAAGCGCATACA-1
18x48,AGTACAAGCTCAATGA-1
18x49,AGTACAAGGATAGACA-1
18x50,AGTACAAGGCCACATA-1
19x1,CTGTAGCCCAAGACTA-1
19x2,CTGTAGCCGAGCTGAA-1
19x3,CTGTAGCCCTGAGCCA-1
19x4,CTGTAGCCCTGGCATA-1
19x5,CTGTAGCCGAATCTGA-1
19x6,CTGTAGCCCACTTCGA-1
19x7,CTGTAGCCCAGCGTTA-1
19x8,CTGTAGCCCATACCAA-1
19x9,CTGTAGCCCCAGTTCA-1
19x10,CTGTAGCCATTGAGGA-1
19x11,CTGTAGCCCAACCACA-1
19x12,CTGTAGCCGACTAGTA-1
19x13,CTGTAGCCCAATGGAA-1
19x14,CTGTAGCCAAGGTACA-1
19x15,CTGTAGCCACACAGAA-1
19x16,CTGTAGCCACAGCAGA-1
19x17,CTGTAGCCACCTCCAA-1
19x18,CTGTAGCCAACAACCA-1
19x19,CTGTAGCCAACCGAGA-1
19x20,CTGTAGCCAACGCTTA-1
19x21,CTGTAGCCAAGACGGA-1
19x22,CTGTAGCCAACGTGAT-1
19x23,CTGTAGCCAAACATCG-1
19x24,CTGTAGCCATGCCTAA-1
19x25,CTGTAGCCAGTGGTCA-1
19x26,CTGTAGCCACCACTGT-1
19x27,CTGTAGCCACATTGGC-1
19x28,CTGTAGCCCAGATCTG-1
19x29,CTGTAGCCCATCAAGT-1
19x30,CTGTAGCCCGCTGATC-1
19x31,CTGTAGCCACAAGCTA-1
19x32,CTGTAGCCCTGTAGCC-1
19x33,CTGTAGCCAGTACAAG-1
19x34,CTGTAGCCACGCTCGA-1
19x35,CTGTAGCCACGTATCA-1
19x36,CTGTAGCCACTATGCA-1
19x37,CTGTAGCCAGAGTCAA-1
19x38,CTGTAGCCAGATCGCA-1
19x39,CTGTAGCCAGCAGGAA-1
19x40,CTGTAGCCAGTCACTA-1
19x41,CTGTAGCCATCCTGTA-1
19x42,CTGTAGCCCCGAAGTA-1
19x43,CTGTAGCCCCGTGAGA-1
19x44,CTGTAGCCCCTCCTGA-1
19x45,CTGTAGCCCGAACTTA-1
19x46,CTGTAGCCCGACTGGA-1
19x47,CTGTAGCCCGCATACA-1
19x48,CTGTAGCCCTCAATGA-1
19x49,CTGTAGCCGATAGACA-1
19x50,CTGTAGCCGCCACATA-1
20x1,ACAAGCTACAAGACTA-1
20x2,ACAAGCTAGAGCTGAA-1
20x3,ACAAGCTACTGAGCCA-1
20x4,ACAAGCTACTGGCATA-1
20x5,ACAAGCTAGAATCTGA-1
20x6,ACAAGCTACACTTCGA-1
20x7,ACAAGCTACAGCGTTA-1
20x8,ACAAGCTACATACCAA-1
20x9,ACAAGCTACCAGTTCA-1
20x10,ACAAGCTAATTGAGGA-1
20x11,ACAAGCTACAACCACA-1
20x12,ACAAGCTAGACTAGTA-1
20x13,ACAAGCTACAATGGAA-1
20x14,ACAAGCTAAAGGTACA-1
20x15,ACAAGCTAACACAGAA-1
20x16,ACAAGCTAACAGCAGA-1
20x17,ACAAGCTAACCTCCAA-1
20x18,ACAAGCTAAACAACCA-1
20x19,ACAAGCTAAACCGAGA-1
20x20,ACAAGCTAAACGCTTA-1
20x21,ACAAGCTAAAGACGGA-1
20x22,ACAAGCTAAACGTGAT-1
20x23,ACAAGCTAAAACATCG-1
20x24,ACAAGCTAATGCCTAA-1
20x25,ACAAGCTAAGTGGTCA-1
20x26,ACAAGCTAACCACTGT-1
20x27,ACAAGCTAACATTGGC-1
20x28,ACAAGCTACAGATCTG-1
20x29,ACAAGCTACATCAAGT-1
20x30,ACAAGCTACGCTGATC-1
20x31,ACAAGCTAACAAGCTA-1
20x32,ACAAGCTACTGTAGCC-1
20x33,ACAAGCTAAGTACAAG-1
20x34,ACAAGCTAACGCTCGA-1
20x35,ACAAGCTAACGTATCA-1
20x36,ACAAGCTAACTATGCA-1
20x37,ACAAGCTAAGAGTCAA-1
20x38,ACAAGCTAAGATCGCA-1
20x39,ACAAGCTAAGCAGGAA-1
20x40,ACAAGCTAAGTCACTA-1
20x41,ACAAGCTAATCCTGTA-1
20x42,ACAAGCTACCGAAGTA-1
20x43,ACAAGCTACCGTGAGA-1
20x44,ACAAGCTACCTCCTGA-1
20x45,ACAAGCTACGAACTTA-1
20x46,ACAAGCTACGACTGGA-1
20x47,ACAAGCTACGCATACA-1
20x48,ACAAGCTACTCAATGA-1
20x49,ACAAGCTAGATAGACA-1
20x50,ACAAGCTAGCCACATA-1
21x1,CGCTGATCCAAGACTA-1
21x2,CGCTGATCGAGCTGAA-1
21x3,CGCTGATCCTGAGCCA-1
21x4,CGCTGATCCTGGCATA-1
21x5,CGCTGATCGAATCTGA-1
21x6,CGCTGATCCACTTCGA-1
21x7,CGCTGATCCAGCGTTA-1
21x8,CGCTGATCCATACCAA-1
21x9,CGCTGATCCCAGTTCA-1
21x10,CGCTGATCATTGAGGA-1
21x11,CGCTGATCCAACCACA-1
21x12,CGCTGATCGACTAGTA-1
21x13,CGCTGATCCAATGGAA-1
21x14,CGCTGATCAAGGTACA-1
21x15,CGCTGATCACACAGAA-1
21x16,CGCTGATCACAGCAGA-1
21x17,CGCTGATCACCTCCAA-1
21x18,CGCTGATCAACAACCA-1
21x19,CGCTGATCAACCGAGA-1
21x20,CGCTGATCAACGCTTA-1
21x21,CGCTGATCAAGACGGA-1
21x22,CGCTGATCAACGTGAT-1
21x23,CGCTGATCAAACATCG-1
21x24,CGCTGATCATGCCTAA-1
21x25,CGCTGATCAGTGGTCA-1
21x26,CGCTGATCACCACTGT-1
21x27,CGCTGATCACATTGGC-1
21x28,CGCTGATCCAGATCTG-1
21x29,CGCTGATCCATCAAGT-1
21x30,CGCTGATCCGCTGATC-1
21x31,CGCTGATCACAAGCTA-1
21x32,CGCTGATCCTGTAGCC-1
21x33,CGCTGATCAGTACAAG-1
21x34,CGCTGATCACGCTCGA-1
21x35,CGCTGATCACGTATCA-1
21x36,CGCTGATCACTATGCA-1
21x37,CGCTGATCAGAGTCAA-1
21x38,CGCTGATCAGATCGCA-1
21x39,CGCTGATCAGCAGGAA-1
21x40,CGCTGATCAGTCACTA-1
21x41,CGCTGATCATCCTGTA-1
21x42,CGCTGATCCCGAAGTA-1
21x43,CGCTGATCCCGTGAGA-1
21x44,CGCTGATCCCTCCTGA-1
21x45,CGCTGATCCGAACTTA-1
21x46,CGCTGATCCGACTGGA-1
21x47,CGCTGATCCGCATACA-1
21x48,CGCTGATCCTCAATGA-1
21x49,CGCTGATCGATAGACA-1
21x50,CGCTGATCGCCACATA-1
22x1,CATCAAGTCAAGACTA-1
22x2,CATCAAGTGAGCTGAA-1
22x3,CATCAAGTCTGAGCCA-1
22x4,CATCAAGTCTGGCATA-1
22x5,CATCAAGTGAATCTGA-1
22x6,CATCAAGTCACTTCGA-1
22x7,CATCAAGTCAGCGTTA-1
22x8,CATCAAGTCATACCAA-1
22x9,CATCAAGTCCAGTTCA-1
22x10,CATCAAGTATTGAGGA-1
22x11,CATCAAGTCAACCACA-1
22x12,CATCAAGTGACTAGTA-1
22x13,CATCAAGTCAATGGAA-1
22x14,CATCAAGTAAGGTACA-1
22x15,CATCAAGTACACAGAA-1
22x16,CATCAAGTACAGCAGA-1
22x17,CATCAAGTACCTCCAA-1
22x18,CATCAAGTAACAACCA-1
22x19,CATCAAGTAACCGAGA-1
22x20,CATCAAGTAACGCTTA-1
22x21,CATCAAGTAAGACGGA-1
22x22,CATCAAGTAACGTGAT-1
22x23,CATCAAGTAAACATCG-1
22x24,CATCAAGTATGCCTAA-1
22x25,CATCAAGTAGTGGTCA-1
22x26,CATCAAGTACCACTGT-1
22x27,CATCAAGTACATTGGC-1
22x28,CATCAAGTCAGATCTG-1
22x29,CATCAAGTCATCAAGT-1
22x30,CATCAAGTCGCTGATC-1
22x31,CATCAAGTACAAGCTA-1
22x32,CATCAAGTCTGTAGCC-1
22x33,CATCAAGTAGTACAAG-1
22x34,CATCAAGTACGCTCGA-1
22x35,CATCAAGTACGTATCA-1
22x36,CATCAAGTACTATGCA-1
22x37,CATCAAGTAGAGTCAA-1
22x38,CATCAAGTAGATCGCA-1
22x39,CATCAAGTAGCAGGAA-1
22x40,CATCAAGTAGTCACTA-1
22x41,CATCAAGTATCCTGTA-1
22x42,CATCAAGTCCGAAGTA-1
22x43,CATCAAGTCCGTGAGA-1
22x44,CATCAAGTCCTCCTGA-1
22x45,CATCAAGTCGAACTTA-1
22x46,CATCAAGTCGACTGGA-1
22x47,CATCAAGTCGCATACA-1
22x48,CATCAAGTCTCAATGA-1
22x49,CATCAAGTGATAGACA-1
22x50,CATCAAGTGCCACATA-1
23x1,CAGATCTGCAAGACTA-1
23x2,CAGATCTGGAGCTGAA-1
23x3,CAGATCTGCTGAGCCA-1
23x4,CAGATCTGCTGGCATA-1
23x5,CAGATCTGGAATCTGA-1
23x6,CAGATCTGCACTTCGA-1
23x7,CAGATCTGCAGCGTTA-1
23x8,CAGATCTGCATACCAA-1
23x9,CAGATCTGCCAGTTCA-1
23x10,CAGATCTGATTGAGGA-1
23x11,CAGATCTGCAACCACA-1
23x12,CAGATCTGGACTAGTA-1
23x13,CAGATCTGCAATGGAA-1
23x14,CAGATCTGAAGGTACA-1
23x15,CAGATCTGACACAGAA-1
23x16,CAGATCTGACAGCAGA-1
23x17,CAGATCTGACCTCCAA-1
23x18,CAGATCTGAACAACCA-1
23x19,CAGATCTGAACCGAGA-1
23x20,CAGATCTGAACGCTTA-1
23x21,CAGATCTGAAGACGGA-1
23x22,CAGATCTGAACGTGAT-1
23x23,CAGATCTGAAACATCG-1
23x24,CAGATCTGATGCCTAA-1
23x25,CAGATCTGAGTGGTCA-1
23x26,CAGATCTGACCACTGT-1
23x27,CAGATCTGACATTGGC-1
23x28,CAGATCTGCAGATCTG-1
23x29,CAGATCTGCATCAAGT-1
23x30,CAGATCTGCGCTGATC-1
23x31,CAGATCTGACAAGCTA-1
23x32,CAGATCTGCTGTAGCC-1
23x33,CAGATCTGAGTACAAG-1
23x34,CAGATCTGACGCTCGA-1
23x35,CAGATCTGACGTATCA-1
23x36,CAGATCTGACTATGCA-1
23x37,CAGATCTGAGAGTCAA-1
23x38,CAGATCTGAGATCGCA-1
23x39,CAGATCTGAGCAGGAA-1
23x40,CAGATCTGAGTCACTA-1
23x41,CAGATCTGATCCTGTA-1
23x42,CAGATCTGCCGAAGTA-1
23x43,CAGATCTGCCGTGAGA-1
23x44,CAGATCTGCCTCCTGA-1
23x45,CAGATCTGCGAACTTA-1
23x46,CAGATCTGCGACTGGA-1
23x47,CAGATCTGCGCATACA-1
23x48,CAGATCTGCTCAATGA-1
23x49,CAGATCTGGATAGACA-1
23x50,CAGATCTGGCCACATA-1
24x1,ACATTGGCCAAGACTA-1
24x2,ACATTGGCGAGCTGAA-1
24x3,ACATTGGCCTGAGCCA-1
24x4,ACATTGGCCTGGCATA-1
24x5,ACATTGGCGAATCTGA-1
24x6,ACATTGGCCACTTCGA-1
24x7,ACATTGGCCAGCGTTA-1
24x8,ACATTGGCCATACCAA-1
24x9,ACATTGGCCCAGTTCA-1
24x10,ACATTGGCATTGAGGA-1
24x11,ACATTGGCCAACCACA-1
24x12,ACATTGGCGACTAGTA-1
24x13,ACATTGGCCAATGGAA-1
24x14,ACATTGGCAAGGTACA-1
24x15,ACATTGGCACACAGAA-1
24x16,ACATTGGCACAGCAGA-1
24x17,ACATTGGCACCTCCAA-1
24x18,ACATTGGCAACAACCA-1
24x19,ACATTGGCAACCGAGA-1
24x20,ACATTGGCAACGCTTA-1
24x21,ACATTGGCAAGACGGA-1
24x22,ACATTGGCAACGTGAT-1
24x23,ACATTGGCAAACATCG-1
24x24,ACATTGGCATGCCTAA-1
24x25,ACATTGGCAGTGGTCA-1
24x26,ACATTGGCACCACTGT-1
24x27,ACATTGGCACATTGGC-1
24x28,ACATTGGCCAGATCTG-1
24x29,ACATTGGCCATCAAGT-1
24x30,ACATTGGCCGCTGATC-1
24x31,ACATTGGCACAAGCTA-1
24x32,ACATTGGCCTGTAGCC-1
24x33,ACATTGGCAGTACAAG-1
24x34,ACATTGGCACGCTCGA-1
24x35,ACATTGGCACGTATCA-1
24x36,ACATTGGCACTATGCA-1
24x37,ACATTGGCAGAGTCAA-1
24x38,ACATTGGCAGATCGCA-1
24x39,ACATTGGCAGCAGGAA-1
24x40,ACATTGGCAGTCACTA-1
24x41,ACATTGGCATCCTGTA-1
24x42,ACATTGGCCCGAAGTA-1
24x43,ACATTGGCCCGTGAGA-1
24x44,ACATTGGCCCTCCTGA-1
24x45,ACATTGGCCGAACTTA-1
24x46,ACATTGGCCGACTGGA-1
24x47,ACATTGGCCGCATACA-1
24x48,ACATTGGCCTCAATGA-1
24x49,ACATTGGCGATAGACA-1
24x50,ACATTGGCGCCACATA-1
25x1,ACCACTGTCAAGACTA-1
25x2,ACCACTGTGAGCTGAA-1
25x3,ACCACTGTCTGAGCCA-1
25x4,ACCACTGTCTGGCATA-1
25x5,ACCACTGTGAATCTGA-1
25x6,ACCACTGTCACTTCGA-1
25x7,ACCACTGTCAGCGTTA-1
25x8,ACCACTGTCATACCAA-1
25x9,ACCACTGTCCAGTTCA-1
25x10,ACCACTGTATTGAGGA-1
25x11,ACCACTGTCAACCACA-1
25x12,ACCACTGTGACTAGTA-1
25x13,ACCACTGTCAATGGAA-1
25x14,ACCACTGTAAGGTACA-1
25x15,ACCACTGTACACAGAA-1
25x16,ACCACTGTACAGCAGA-1
25x17,ACCACTGTACCTCCAA-1
25x18,ACCACTGTAACAACCA-1
25x19,ACCACTGTAACCGAGA-1
25x20,ACCACTGTAACGCTTA-1
25x21,ACCACTGTAAGACGGA-1
25x22,ACCACTGTAACGTGAT-1
25x23,ACCACTGTAAACATCG-1
25x24,ACCACTGTATGCCTAA-1
25x25,ACCACTGTAGTGGTCA-1
25x26,ACCACTGTACCACTGT-1
25x27,ACCACTGTACATTGGC-1
25x28,ACCACTGTCAGATCTG-1
25x29,ACCACTGTCATCAAGT-1
25x30,ACCACTGTCGCTGATC-1
25x31,ACCACTGTACAAGCTA-1
25x32,ACCACTGTCTGTAGCC-1
25x33,ACCACTGTAGTACAAG-1
25x34,ACCACTGTACGCTCGA-1
25x35,ACCACTGTACGTATCA-1
25x36,ACCACTGTACTATGCA-1
25x37,ACCACTGTAGAGTCAA-1
25x38,ACCACTGTAGATCGCA-1
25x39,ACCACTGTAGCAGGAA-1
25x40,ACCACTGTAGTCACTA-1
25x41,ACCACTGTATCCTGTA-1
25x42,ACCACTGTCCGAAGTA-1
25x43,ACCACTGTCCGTGAGA-1
25x44,ACCACTGTCCTCCTGA-1
25x45,ACCACTGTCGAACTTA-1
25x46,ACCACTGTCGACTGGA-1
25x47,ACCACTGTCGCATACA-1
25x48,ACCACTGTCTCAATGA-1
25x49,ACCACTGTGATAGACA-1
25x50,ACCACTGTGCCACATA-1
26x1,AGTGGTCACAAGACTA-1
26x2,AGTGGTCAGAGCTGAA-1
26x3,AGTGGTCACTGAGCCA-1
26x4,AGTGGTCACTGGCATA-1
26x5,AGTGGTCAGAATCTGA-1
26x6,AGTGGTCACACTTCGA-1
26x7,AGTGGTCACAGCGTTA-1
26x8,AGTGGTCACATACCAA-1
26x9,AGTGGTCACCAGTTCA-1
26x10,AGTGGTCAATTGAGGA-1
26x11,AGTGGTCACAACCACA-1
26x12,AGTGGTCAGACTAGTA-1
26x13,AGTGGTCACAATGGAA-1
26x14,AGTGGTCAAAGGTACA-1
26x15,AGTGGTCAACACAGAA-1
26x16,AGTGGTCAACAGCAGA-1
26x17,AGTGGTCAACCTCCAA-1
26x18,AGTGGTCAAACAACCA-1
26x19,AGTGGTCAAACCGAGA-1
26x20,AGTGGTCAAACGCTTA-1
26x21,AGTGGTCAAAGACGGA-1
26x22,AGTGGTCAAACGTGAT-1
26x23,AGTGGTCAAAACATCG-1
26x24,AGTGGTCAATGCCTAA-1
26x25,AGTGGTCAAGTGGTCA-1
26x26,AGTGGTCAACCACTGT-1
26x27,AGTGGTCAACATTGGC-1
26x28,AGTGGTCACAGATCTG-1
26x29,AGTGGTCACATCAAGT-1
26x30,AGTGGTCACGCTGATC-1
26x31,AGTGGTCAACAAGCTA-1
26x32,AGTGGTCACTGTAGCC-1
26x33,AGTGGTCAAGTACAAG-1
26x34,AGTGGTCAACGCTCGA-1
26x35,AGTGGTCAACGTATCA-1
26x36,AGTGGTCAACTATGCA-1
26x37,AGTGGTCAAGAGTCAA-1
26x38,AGTGGTCAAGATCGCA-1
26x39,AGTGGTCAAGCAGGAA-1
26x40,AGTGGTCAAGTCACTA-1
26x41,AGTGGTCAATCCTGTA-1
26x42,AGTGGTCACCGAAGTA-1
26x43,AGTGGTCACCGTGAGA-1
26x44,AGTGGTCACCTCCTGA-1
26x45,AGTGGTCACGAACTTA-1
26x46,AGTGGTCACGACTGGA-1
26x47,AGTGGTCACGCATACA-1
26x48,AGTGGTCACTCAATGA-1
26x49,AGTGGTCAGATAGACA-1
26x50,AGTGGTCAGCCACATA-1
27x1,ATGCCTAACAAGACTA-1
27x2,ATGCCTAAGAGCTGAA-1
27x3,ATGCCTAACTGAGCCA-1
27x4,ATGCCTAACTGGCATA-1
27x5,ATGCCTAAGAATCTGA-1
27x6,ATGCCTAACACTTCGA-1
27x7,ATGCCTAACAGCGTTA-1
27x8,ATGCCTAACATACCAA-1
27x9,ATGCCTAACCAGTTCA-1
27x10,ATGCCTAAATTGAGGA-1
27x11,ATGCCTAACAACCACA-1
27x12,ATGCCTAAGACTAGTA-1
27x13,ATGCCTAACAATGGAA-1
27x14,ATGCCTAAAAGGTACA-1
27x15,ATGCCTAAACACAGAA-1
27x16,ATGCCTAAACAGCAGA-1
27x17,ATGCCTAAACCTCCAA-1
27x18,ATGCCTAAAACAACCA-1
27x19,ATGCCTAAAACCGAGA-1
27x20,ATGCCTAAAACGCTTA-1
27x21,ATGCCTAAAAGACGGA-1
27x22,ATGCCTAAAACGTGAT-1
27x23,ATGCCTAAAAACATCG-1
27x24,ATGCCTAAATGCCTAA-1
27x25,ATGCCTAAAGTGGTCA-1
27x26,ATGCCTAAACCACTGT-1
27x27,ATGCCTAAACATTGGC-1
27x28,ATGCCTAACAGATCTG-1
27x29,ATGCCTAACATCAAGT-1
27x30,ATGCCTAACGCTGATC-1
27x31,ATGCCTAAACAAGCTA-1
27x32,ATGCCTAACTGTAGCC-1
27x33,ATGCCTAAAGTACAAG-1
27x34,ATGCCTAAACGCTCGA-1
27x35,ATGCCTAAACGTATCA-1
27x36,ATGCCTAAACTATGCA-1
27x37,ATGCCTAAAGAGTCAA-1
27x38,ATGCCTAAAGATCGCA-1
27x39,ATGCCTAAAGCAGGAA-1
27x40,ATGCCTAAAGTCACTA-1
27x41,ATGCCTAAATCCTGTA-1
27x42,ATGCCTAACCGAAGTA-1
27x43,ATGCCTAACCGTGAGA-1
27x44,ATGCCTAACCTCCTGA-1
27x45,ATGCCTAACGAACTTA-1
27x46,ATGCCTAACGACTGGA-1
27x47,ATGCCTAACGCATACA-1
27x48,ATGCCTAACTCAATGA-1
27x49,ATGCCTAAGATAGACA-1
27x50,ATGCCTAAGCCACATA-1
28x1,AAACATCGCAAGACTA-1
28x2,AAACATCGGAGCTGAA-1
28x3,AAACATCGCTGAGCCA-1
28x4,AAACATCGCTGGCATA-1
28x5,AAACATCGGAATCTGA-1
28x6,AAACATCGCACTTCGA-1
28x7,AAACATCGCAGCGTTA-1
28x8,AAACATCGCATACCAA-1
28x9,AAACATCGCCAGTTCA-1
28x10,AAACATCGATTGAGGA-1
28x11,AAACATCGCAACCACA-1
28x12,AAACATCGGACTAGTA-1
28x13,AAACATCGCAATGGAA-1
28x14,AAACATCGAAGGTACA-1
28x15,AAACATCGACACAGAA-1
28x16,AAACATCGACAGCAGA-1
28x17,AAACATCGACCTCCAA-1
28x18,AAACATCGAACAACCA-1
28x19,AAACATCGAACCGAGA-1
28x20,AAACATCGAACGCTTA-1
28x21,AAACATCGAAGACGGA-1
28x22,AAACATCGAACGTGAT-1
28x23,AAACATCGAAACATCG-1
28x24,AAACATCGATGCCTAA-1
28x25,AAACATCGAGTGGTCA-1
28x26,AAACATCGACCACTGT-1
28x27,AAACATCGACATTGGC-1
28x28,AAACATCGCAGATCTG-1
28x29,AAACATCGCATCAAGT-1
28x30,AAACATCGCGCTGATC-1
28x31,AAACATCGACAAGCTA-1
28x32,AAACATCGCTGTAGCC-1
28x33,AAACATCGAGTACAAG-1
28x34,AAACATCGACGCTCGA-1
28x35,AAACATCGACGTATCA-1
28x36,AAACATCGACTATGCA-1
28x37,AAACATCGAGAGTCAA-1
28x38,AAACATCGAGATCGCA-1
28x39,AAACATCGAGCAGGAA-1
28x40,AAACATCGAGTCACTA-1
28x41,AAACATCGATCCTGTA-1
28x42,AAACATCGCCGAAGTA-1
28x43,AAACATCGCCGTGAGA-1
28x44,AAACATCGCCTCCTGA-1
28x45,AAACATCGCGAACTTA-1
28x46,AAACATCGCGACTGGA-1
28x47,AAACATCGCGCATACA-1
28x48,AAACATCGCTCAATGA-1
28x49,AAACATCGGATAGACA-1
28x50,AAACATCGGCCACATA-1
29x1,AACGTGATCAAGACTA-1
29x2,AACGTGATGAGCTGAA-1
29x3,AACGTGATCTGAGCCA-1
29x4,AACGTGATCTGGCATA-1
29x5,AACGTGATGAATCTGA-1
29x6,AACGTGATCACTTCGA-1
29x7,AACGTGATCAGCGTTA-1
29x8,AACGTGATCATACCAA-1
29x9,AACGTGATCCAGTTCA-1
29x10,AACGTGATATTGAGGA-1
29x11,AACGTGATCAACCACA-1
29x12,AACGTGATGACTAGTA-1
29x13,AACGTGATCAATGGAA-1
29x14,AACGTGATAAGGTACA-1
29x15,AACGTGATACACAGAA-1
29x16,AACGTGATACAGCAGA-1
29x17,AACGTGATACCTCCAA-1
29x18,AACGTGATAACAACCA-1
29x19,AACGTGATAACCGAGA-1
29x20,AACGTGATAACGCTTA-1
29x21,AACGTGATAAGACGGA-1
29x22,AACGTGATAACGTGAT-1
29x23,AACGTGATAAACATCG-1
29x24,AACGTGATATGCCTAA-1
29x25,AACGTGATAGTGGTCA-1
29x26,AACGTGATACCACTGT-1
29x27,AACGTGATACATTGGC-1
29x28,AACGTGATCAGATCTG-1
29x29,AACGTGATCATCAAGT-1
29x30,AACGTGATCGCTGATC-1
29x31,AACGTGATACAAGCTA-1
29x32,AACGTGATCTGTAGCC-1
29x33,AACGTGATAGTACAAG-1
29x34,AACGTGATACGCTCGA-1
29x35,AACGTGATACGTATCA-1
29x36,AACGTGATACTATGCA-1
29x37,AACGTGATAGAGTCAA-1
29x38,AACGTGATAGATCGCA-1
29x39,AACGTGATAGCAGGAA-1
29x40,AACGTGATAGTCACTA-1
29x41,AACGTGATATCCTGTA-1
29x42,AACGTGATCCGAAGTA-1
29x43,AACGTGATCCGTGAGA-1
29x44,AACGTGATCCTCCTGA-1
29x45,AACGTGATCGAACTTA-1
29x46,AACGTGATCGACTGGA-1
29x47,AACGTGATCGCATACA-1
29x48,AACGTGATCTCAATGA-1
29x49,AACGTGATGATAGACA-1
29x50,AACGTGATGCCACATA-1
30x1,AAGACGGACAAGACTA-1
30x2,AAGACGGAGAGCTGAA-1
30x3,AAGACGGACTGAGCCA-1
30x4,AAGACGGACTGGCATA-1
30x5,AAGACGGAGAATCTGA-1
30x6,AAGACGGACACTTCGA-1
30x7,AAGACGGACAGCGTTA-1
30x8,AAGACGGACATACCAA-1
30x9,AAGACGGACCAGTTCA-1
30x10,AAGACGGAATTGAGGA-1
30x11,AAGACGGACAACCACA-1
30x12,AAGACGGAGACTAGTA-1
30x13,AAGACGGACAATGGAA-1
30x14,AAGACGGAAAGGTACA-1
30x15,AAGACGGAACACAGAA-1
30x16,AAGACGGAACAGCAGA-1
30x17,AAGACGGAACCTCCAA-1
30x18,AAGACGGAAACAACCA-1
30x19,AAGACGGAAACCGAGA-1
30x20,AAGACGGAAACGCTTA-1
30x21,AAGACGGAAAGACGGA-1
30x22,AAGACGGAAACGTGAT-1
30x23,AAGACGGAAAACATCG-1
30x24,AAGACGGAATGCCTAA-1
30x25,AAGACGGAAGTGGTCA-1
30x26,AAGACGGAACCACTGT-1
30x27,AAGACGGAACATTGGC-1
30x28,AAGACGGACAGATCTG-1
30x29,AAGACGGACATCAAGT-1
30x30,AAGACGGACGCTGATC-1
30x31,AAGACGGAACAAGCTA-1
30x32,AAGACGGACTGTAGCC-1
30x33,AAGACGGAAGTACAAG-1
30x34,AAGACGGAACGCTCGA-1
30x35,AAGACGGAACGTATCA-1
30x36,AAGACGGAACTATGCA-1
30x37,AAGACGGAAGAGTCAA-1
30x38,AAGACGGAAGATCGCA-1
30x39,AAGACGGAAGCAGGAA-1
30x40,AAGACGGAAGTCACTA-1
30x41,AAGACGGAATCCTGTA-1
30x42,AAGACGGACCGAAGTA-1
30x43,AAGACGGACCGTGAGA-1
30x44,AAGACGGACCTCCTGA-1
30x45,AAGACGGACGAACTTA-1
30x46,AAGACGGACGACTGGA-1
30x47,AAGACGGACGCATACA-1
30x48,AAGACGGACTCAATGA-1
30x49,AAGACGGAGATAGACA-1
30x50,AAGACGGAGCCACATA-1
31x1,AACGCTTACAAGACTA-1
31x2,AACGCTTAGAGCTGAA-1
31x3,AACGCTTACTGAGCCA-1
31x4,AACGCTTACTGGCATA-1
31x5,AACGCTTAGAATCTGA-1
31x6,AACGCTTACACTTCGA-1
31x7,AACGCTTACAGCGTTA-1
31x8,AACGCTTACATACCAA-1
31x9,AACGCTTACCAGTTCA-1
31x10,AACGCTTAATTGAGGA-1
31x11,AACGCTTACAACCACA-1
31x12,AACGCTTAGACTAGTA-1
31x13,AACGCTTACAATGGAA-1
31x14,AACGCTTAAAGGTACA-1
31x15,AACGCTTAACACAGAA-1
31x16,AACGCTTAACAGCAGA-1
31x17,AACGCTTAACCTCCAA-1
31x18,AACGCTTAAACAACCA-1
31x19,AACGCTTAAACCGAGA-1
31x20,AACGCTTAAACGCTTA-1
31x21,AACGCTTAAAGACGGA-1
31x22,AACGCTTAAACGTGAT-1
31x23,AACGCTTAAAACATCG-1
31x24,AACGCTTAATGCCTAA-1
31x25,AACGCTTAAGTGGTCA-1
31x26,AACGCTTAACCACTGT-1
31x27,AACGCTTAACATTGGC-1
31x28,AACGCTTACAGATCTG-1
31x29,AACGCTTACATCAAGT-1
31x30,AACGCTTACGCTGATC-1
31x31,AACGCTTAACAAGCTA-1
31x32,AACGCTTACTGTAGCC-1
31x33,AACGCTTAAGTACAAG-1
31x34,AACGCTTAACGCTCGA-1
31x35,AACGCTTAACGTATCA-1
31x36,AACGCTTAACTATGCA-1
31x37,AACGCTTAAGAGTCAA-1
31x38,AACGCTTAAGATCGCA-1
31x39,AACGCTTAAGCAGGAA-1
31x40,AACGCTTAAGTCACTA-1
31x41,AACGCTTAATCCTGTA-1
31x42,AACGCTTACCGAAGTA-1
31x43,AACGCTTACCGTGAGA-1
31x44,AACGCTTACCTCCTGA-1
31x45,AACGCTTACGAACTTA-1
31x46,AACGCTTACGACTGGA-1
31x47,AACGCTTACGCATACA-1
31x48,AACGCTTACTCAATGA-1
31x49,AACGCTTAGATAGACA-1
31x50,AACGCTTAGCCACATA-1
32x1,AACCGAGACAAGACTA-1
32x2,AACCGAGAGAGCTGAA-1
32x3,AACCGAGACTGAGCCA-1
32x4,AACCGAGACTGGCATA-1
32x5,AACCGAGAGAATCTGA-1
32x6,AACCGAGACACTTCGA-1
32x7,AACCGAGACAGCGTTA-1
32x8,AACCGAGACATACCAA-1
32x9,AACCGAGACCAGTTCA-1
32x10,AACCGAGAATTGAGGA-1
32x11,AACCGAGACAACCACA-1
32x12,AACCGAGAGACTAGTA-1
32x13,AACCGAGACAATGGAA-1
32x14,AACCGAGAAAGGTACA-1
32x15,AACCGAGAACACAGAA-1
32x16,AACCGAGAACAGCAGA-1
32x17,AACCGAGAACCTCCAA-1
32x18,AACCGAGAAACAACCA-1
32x19,AACCGAGAAACCGAGA-1
32x20,AACCGAGAAACGCTTA-1
32x21,AACCGAGAAAGACGGA-1
32x22,AACCGAGAAACGTGAT-1
32x23,AACCGAGAAAACATCG-1
32x24,AACCGAGAATGCCTAA-1
32x25,AACCGAGAAGTGGTCA-1
32x26,AACCGAGAACCACTGT-1
32x27,AACCGAGAACATTGGC-1
32x28,AACCGAGACAGATCTG-1
32x29,AACCGAGACATCAAGT-1
32x30,AACCGAGACGCTGATC-1
32x31,AACCGAGAACAAGCTA-1
32x32,AACCGAGACTGTAGCC-1
32x33,AACCGAGAAGTACAAG-1
32x34,AACCGAGAACGCTCGA-1
32x35,AACCGAGAACGTATCA-1
32x36,AACCGAGAACTATGCA-1
32x37,AACCGAGAAGAGTCAA-1
32x38,AACCGAGAAGATCGCA-1
32x39,AACCGAGAAGCAGGAA-1
32x40,AACCGAGAAGTCACTA-1
32x41,AACCGAGAATCCTGTA-1
32x42,AACCGAGACCGAAGTA-1
32x43,AACCGAGACCGTGAGA-1
32x44,AACCGAGACCTCCTGA-1
32x45,AACCGAGACGAACTTA-1
32x46,AACCGAGACGACTGGA-1
32x47,AACCGAGACGCATACA-1
32x48,AACCGAGACTCAATGA-1
32x49,AACCGAGAGATAGACA-1
32x50,AACCGAGAGCCACATA-1
33x1,AACAACCACAAGACTA-1
33x2,AACAACCAGAGCTGAA-1
33x3,AACAACCACTGAGCCA-1
33x4,AACAACCACTGGCATA-1
33x5,AACAACCAGAATCTGA-1
33x6,AACAACCACACTTCGA-1
33x7,AACAACCACAGCGTTA-1
33x8,AACAACCACATACCAA-1
33x9,AACAACCACCAGTTCA-1
33x10,AACAACCAATTGAGGA-1
33x11,AACAACCACAACCACA-1
33x12,AACAACCAGACTAGTA-1
33x13,AACAACCACAATGGAA-1
33x14,AACAACCAAAGGTACA-1
33x15,AACAACCAACACAGAA-1
33x16,AACAACCAACAGCAGA-1
33x17,AACAACCAACCTCCAA-1
33x18,AACAACCAAACAACCA-1
33x19,AACAACCAAACCGAGA-1
33x20,AACAACCAAACGCTTA-1
33x21,AACAACCAAAGACGGA-1
33x22,AACAACCAAACGTGAT-1
33x23,AACAACCAAAACATCG-1
33x24,AACAACCAATGCCTAA-1
33x25,AACAACCAAGTGGTCA-1
33x26,AACAACCAACCACTGT-1
33x27,AACAACCAACATTGGC-1
33x28,AACAACCACAGATCTG-1
33x29,AACAACCACATCAAGT-1
33x30,AACAACCACGCTGATC-1
33x31,AACAACCAACAAGCTA-1
33x32,AACAACCACTGTAGCC-1
33x33,AACAACCAAGTACAAG-1
33x34,AACAACCAACGCTCGA-1
33x35,AACAACCAACGTATCA-1
33x36,AACAACCAACTATGCA-1
33x37,AACAACCAAGAGTCAA-1
33x38,AACAACCAAGATCGCA-1
33x39,AACAACCAAGCAGGAA-1
33x40,AACAACCAAGTCACTA-1
33x41,AACAACCAATCCTGTA-1
33x42,AACAACCACCGAAGTA-1
33x43,AACAACCACCGTGAGA-1
33x44,AACAACCACCTCCTGA-1
33x45,AACAACCACGAACTTA-1
33x46,AACAACCACGACTGGA-1
33x47,AACAACCACGCATACA-1
33x48,AACAACCACTCAATGA-1
33x49,AACAACCAGATAGACA-1
33x50,AACAACCAGCCACATA-1
34x1,ACCTCCAACAAGACTA-1
34x2,ACCTCCAAGAGCTGAA-1
34x3,ACCTCCAACTGAGCCA-1
34x4,ACCTCCAACTGGCATA-1
34x5,ACCTCCAAGAATCTGA-1
34x6,ACCTCCAACACTTCGA-1
34x7,ACCTCCAACAGCGTTA-1
34x8,ACCTCCAACATACCAA-1
34x9,ACCTCCAACCAGTTCA-1
34x10,ACCTCCAAATTGAGGA-1
34x11,ACCTCCAACAACCACA-1
34x12,ACCTCCAAGACTAGTA-1
34x13,ACCTCCAACAATGGAA-1
34x14,ACCTCCAAAAGGTACA-1
34x15,ACCTCCAAACACAGAA-1
34x16,ACCTCCAAACAGCAGA-1
34x17,ACCTCCAAACCTCCAA-1
34x18,ACCTCCAAAACAACCA-1
34x19,ACCTCCAAAACCGAGA-1
34x20,ACCTCCAAAACGCTTA-1
34x21,ACCTCCAAAAGACGGA-1
34x22,ACCTCCAAAACGTGAT-1
34x23,ACCTCCAAAAACATCG-1
34x24,ACCTCCAAATGCCTAA-1
34x25,ACCTCCAAAGTGGTCA-1
34x26,ACCTCCAAACCACTGT-1
34x27,ACCTCCAAACATTGGC-1
34x28,ACCTCCAACAGATCTG-1
34x29,ACCTCCAACATCAAGT-1
34x30,ACCTCCAACGCTGATC-1
34x31,ACCTCCAAACAAGCTA-1
34x32,ACCTCCAACTGTAGCC-1
34x33,ACCTCCAAAGTACAAG-1
34x34,ACCTCCAAACGCTCGA-1
34x35,ACCTCCAAACGTATCA-1
34x36,ACCTCCAAACTATGCA-1
34x37,ACCTCCAAAGAGTCAA-1
34x38,ACCTCCAAAGATCGCA-1
34x39,ACCTCCAAAGCAGGAA-1
34x40,ACCTCCAAAGTCACTA-1
34x41,ACCTCCAAATCCTGTA-1
34x42,ACCTCCAACCGAAGTA-1
34x43,ACCTCCAACCGTGAGA-1
34x44,ACCTCCAACCTCCTGA-1
34x45,ACCTCCAACGAACTTA-1
34x46,ACCTCCAACGACTGGA-1
34x47,ACCTCCAACGCATACA-1
34x48,ACCTCCAACTCAATGA-1
34x49,ACCTCCAAGATAGACA-1
34x50,ACCTCCAAGCCACATA-1
35x1,ACAGCAGACAAGACTA-1
35x2,ACAGCAGAGAGCTGAA-1
35x3,ACAGCAGACTGAGCCA-1
35x4,ACAGCAGACTGGCATA-1
35x5,ACAGCAGAGAATCTGA-1
35x6,ACAGCAGACACTTCGA-1
35x7,ACAGCAGACAGCGTTA-1
35x8,ACAGCAGACATACCAA-1
35x9,ACAGCAGACCAGTTCA-1
35x10,ACAGCAGAATTGAGGA-1
35x11,ACAGCAGACAACCACA-1
35x12,ACAGCAGAGACTAGTA-1
35x13,ACAGCAGACAATGGAA-1
35x14,ACAGCAGAAAGGTACA-1
35x15,ACAGCAGAACACAGAA-1
35x16,ACAGCAGAACAGCAGA-1
35x17,ACAGCAGAACCTCCAA-1
35x18,ACAGCAGAAACAACCA-1
35x19,ACAGCAGAAACCGAGA-1
35x20,ACAGCAGAAACGCTTA-1
35x21,ACAGCAGAAAGACGGA-1
35x22,ACAGCAGAAACGTGAT-1
35x23,ACAGCAGAAAACATCG-1
35x24,ACAGCAGAATGCCTAA-1
35x25,ACAGCAGAAGTGGTCA-1
35x26,ACAGCAGAACCACTGT-1
35x27,ACAGCAGAACATTGGC-1
35x28,ACAGCAGACAGATCTG-1
35x29,ACAGCAGACATCAAGT-1
35x30,ACAGCAGACGCTGATC-1
35x31,ACAGCAGAACAAGCTA-1
35x32,ACAGCAGACTGTAGCC-1
35x33,ACAGCAGAAGTACAAG-1
35x34,ACAGCAGAACGCTCGA-1
35x35,ACAGCAGAACGTATCA-1
35x36,ACAGCAGAACTATGCA-1
35x37,ACAGCAGAAGAGTCAA-1
35x38,ACAGCAGAAGATCGCA-1
35x39,ACAGCAGAAGCAGGAA-1
35x40,ACAGCAGAAGTCACTA-1
35x41,ACAGCAGAATCCTGTA-1
35x42,ACAGCAGACCGAAGTA-1
35x43,ACAGCAGACCGTGAGA-1
35x44,ACAGCAGACCTCCTGA-1
35x45,ACAGCAGACGAACTTA-1
35x46,ACAGCAGACGACTGGA-1
35x47,ACAGCAGACGCATACA-1
35x48,ACAGCAGACTCAATGA-1
35x49,ACAGCAGAGATAGACA-1
35x50,ACAGCAGAGCCACATA-1
36x1,ACACAGAACAAGACTA-1
36x2,ACACAGAAGAGCTGAA-1
36x3,ACACAGAACTGAGCCA-1
36x4,ACACAGAACTGGCATA-1
36x5,ACACAGAAGAATCTGA-1
36x6,ACACAGAACACTTCGA-1
36x7,ACACAGAACAGCGTTA-1
36x8,ACACAGAACATACCAA-1
36x9,ACACAGAACCAGTTCA-1
36x10,ACACAGAAATTGAGGA-1
36x11,ACACAGAACAACCACA-1
36x12,ACACAGAAGACTAGTA-1
36x13,ACACAGAACAATGGAA-1
36x14,ACACAGAAAAGGTACA-1
36x15,ACACAGAAACACAGAA-1
36x16,ACACAGAAACAGCAGA-1
36x17,ACACAGAAACCTCCAA-1
36x18,ACACAGAAAACAACCA-1
36x19,ACACAGAAAACCGAGA-1
36x20,ACACAGAAAACGCTTA-1
36x21,ACACAGAAAAGACGGA-1
36x22,ACACAGAAAACGTGAT-1
36x23,ACACAGAAAAACATCG-1
36x24,ACACAGAAATGCCTAA-1
36x25,ACACAGAAAGTGGTCA-1
36x26,ACACAGAAACCACTGT-1
36x27,ACACAGAAACATTGGC-1
36x28,ACACAGAACAGATCTG-1
36x29,ACACAGAACATCAAGT-1
36x30,ACACAGAACGCTGATC-1
36x31,ACACAGAAACAAGCTA-1
36x32,ACACAGAACTGTAGCC-1
36x33,ACACAGAAAGTACAAG-1
36x34,ACACAGAAACGCTCGA-1
36x35,ACACAGAAACGTATCA-1
36x36,ACACAGAAACTATGCA-1
36x37,ACACAGAAAGAGTCAA-1
36x38,ACACAGAAAGATCGCA-1
36x39,ACACAGAAAGCAGGAA-1
36x40,ACACAGAAAGTCACTA-1
36x41,ACACAGAAATCCTGTA-1
36x42,ACACAGAACCGAAGTA-1
36x43,ACACAGAACCGTGAGA-1
36x44,ACACAGAACCTCCTGA-1
36x45,ACACAGAACGAACTTA-1
36x46,ACACAGAACGACTGGA-1
36x47,ACACAGAACGCATACA-1
36x48,ACACAGAACTCAATGA-1
36x49,ACACAGAAGATAGACA-1
36x50,ACACAGAAGCCACATA-1
37x1,AAGGTACACAAGACTA-1
37x2,AAGGTACAGAGCTGAA-1
37x3,AAGGTACACTGAGCCA-1
37x4,AAGGTACACTGGCATA-1
37x5,AAGGTACAGAATCTGA-1
37x6,AAGGTACACACTTCGA-1
37x7,AAGGTACACAGCGTTA-1
37x8,AAGGTACACATACCAA-1
37x9,AAGGTACACCAGTTCA-1
37x10,AAGGTACAATTGAGGA-1
37x11,AAGGTACACAACCACA-1
37x12,AAGGTACAGACTAGTA-1
37x13,AAGGTACACAATGGAA-1
37x14,AAGGTACAAAGGTACA-1
37x15,AAGGTACAACACAGAA-1
37x16,AAGGTACAACAGCAGA-1
37x17,AAGGTACAACCTCCAA-1
37x18,AAGGTACAAACAACCA-1
37x19,AAGGTACAAACCGAGA-1
37x20,AAGGTACAAACGCTTA-1
37x21,AAGGTACAAAGACGGA-1
37x22,AAGGTACAAACGTGAT-1
37x23,AAGGTACAAAACATCG-1
37x24,AAGGTACAATGCCTAA-1
37x25,AAGGTACAAGTGGTCA-1
37x26,AAGGTACAACCACTGT-1
37x27,AAGGTACAACATTGGC-1
37x28,AAGGTACACAGATCTG-1
37x29,AAGGTACACATCAAGT-1
37x30,AAGGTACACGCTGATC-1
37x31,AAGGTACAACAAGCTA-1
37x32,AAGGTACACTGTAGCC-1
37x33,AAGGTACAAGTACAAG-1
37x34,AAGGTACAACGCTCGA-1
37x35,AAGGTACAACGTATCA-1
37x36,AAGGTACAACTATGCA-1
37x37,AAGGTACAAGAGTCAA-1
37x38,AAGGTACAAGATCGCA-1
37x39,AAGGTACAAGCAGGAA-1
37x40,AAGGTACAAGTCACTA-1
37x41,AAGGTACAATCCTGTA-1
37x42,AAGGTACACCGAAGTA-1
37x43,AAGGTACACCGTGAGA-1
37x44,AAGGTACACCTCCTGA-1
37x45,AAGGTACACGAACTTA-1
37x46,AAGGTACACGACTGGA-1
37x47,AAGGTACACGCATACA-1
37x48,AAGGTACACTCAATGA-1
37x49,AAGGTACAGATAGACA-1
37x50,AAGGTACAGCCACATA-1
38x1,CAATGGAACAAGACTA-1
38x2,CAATGGAAGAGCTGAA-1
38x3,CAATGGAACTGAGCCA-1
38x4,CAATGGAACTGGCATA-1
38x5,CAATGGAAGAATCTGA-1
38x6,CAATGGAACACTTCGA-1
38x7,CAATGGAACAGCGTTA-1
38x8,CAATGGAACATACCAA-1
38x9,CAATGGAACCAGTTCA-1
38x10,CAATGGAAATTGAGGA-1
38x11,CAATGGAACAACCACA-1
38x12,CAATGGAAGACTAGTA-1
38x13,CAATGGAACAATGGAA-1
38x14,CAATGGAAAAGGTACA-1
38x15,CAATGGAAACACAGAA-1
38x16,CAATGGAAACAGCAGA-1
38x17,CAATGGAAACCTCCAA-1
38x18,CAATGGAAAACAACCA-1
38x19,CAATGGAAAACCGAGA-1
38x20,CAATGGAAAACGCTTA-1
38x21,CAATGGAAAAGACGGA-1
38x22,CAATGGAAAACGTGAT-1
38x23,CAATGGAAAAACATCG-1
38x24,CAATGGAAATGCCTAA-1
38x25,CAATGGAAAGTGGTCA-1
38x26,CAATGGAAACCACTGT-1
38x27,CAATGGAAACATTGGC-1
38x28,CAATGGAACAGATCTG-1
38x29,CAATGGAACATCAAGT-1
38x30,CAATGGAACGCTGATC-1
38x31,CAATGGAAACAAGCTA-1
38x32,CAATGGAACTGTAGCC-1
38x33,CAATGGAAAGTACAAG-1
38x34,CAATGGAAACGCTCGA-1
38x35,CAATGGAAACGTATCA-1
38x36,CAATGGAAACTATGCA-1
38x37,CAATGGAAAGAGTCAA-1
38x38,CAATGGAAAGATCGCA-1
38x39,CAATGGAAAGCAGGAA-1
38x40,CAATGGAAAGTCACTA-1
38x41,CAATGGAAATCCTGTA-1
38x42,CAATGGAACCGAAGTA-1
38x43,CAATGGAACCGTGAGA-1
38x44,CAATGGAACCTCCTGA-1
38x45,CAATGGAACGAACTTA-1
38x46,CAATGGAACGACTGGA-1
38x47,CAATGGAACGCATACA-1
38x48,CAATGGAACTCAATGA-1
38x49,CAATGGAAGATAGACA-1
38x50,CAATGGAAGCCACATA-1
39x1,GACTAGTACAAGACTA-1
39x2,GACTAGTAGAGCTGAA-1
39x3,GACTAGTACTGAGCCA-1
39x4,GACTAGTACTGGCATA-1
39x5,GACTAGTAGAATCTGA-1
39x6,GACTAGTACACTTCGA-1
39x7,GACTAGTACAGCGTTA-1
39x8,GACTAGTACATACCAA-1
39x9,GACTAGTACCAGTTCA-1
39x10,GACTAGTAATTGAGGA-1
39x11,GACTAGTACAACCACA-1
39x12,GACTAGTAGACTAGTA-1
39x13,GACTAGTACAATGGAA-1
39x14,GACTAGTAAAGGTACA-1
39x15,GACTAGTAACACAGAA-1
39x16,GACTAGTAACAGCAGA-1
39x17,GACTAGTAACCTCCAA-1
39x18,GACTAGTAAACAACCA-1
39x19,GACTAGTAAACCGAGA-1
39x20,GACTAGTAAACGCTTA-1
39x21,GACTAGTAAAGACGGA-1
39x22,GACTAGTAAACGTGAT-1
39x23,GACTAGTAAAACATCG-1
39x24,GACTAGTAATGCCTAA-1
39x25,GACTAGTAAGTGGTCA-1
39x26,GACTAGTAACCACTGT-1
39x27,GACTAGTAACATTGGC-1
39x28,GACTAGTACAGATCTG-1
39x29,GACTAGTACATCAAGT-1
39x30,GACTAGTACGCTGATC-1
39x31,GACTAGTAACAAGCTA-1
39x32,GACTAGTACTGTAGCC-1
39x33,GACTAGTAAGTACAAG-1
39x34,GACTAGTAACGCTCGA-1
39x35,GACTAGTAACGTATCA-1
39x36,GACTAGTAACTATGCA-1
39x37,GACTAGTAAGAGTCAA-1
39x38,GACTAGTAAGATCGCA-1
39x39,GACTAGTAAGCAGGAA-1
39x40,GACTAGTAAGTCACTA-1
39x41,GACTAGTAATCCTGTA-1
39x42,GACTAGTACCGAAGTA-1
39x43,GACTAGTACCGTGAGA-1
39x44,GACTAGTACCTCCTGA-1
39x45,GACTAGTACGAACTTA-1
39x46,GACTAGTACGACTGGA-1
39x47,GACTAGTACGCATACA-1
39x48,GACTAGTACTCAATGA-1
39x49,GACTAGTAGATAGACA-1
39x50,GACTAGTAGCCACATA-1
40x1,CAACCACACAAGACTA-1
40x2,CAACCACAGAGCTGAA-1
40x3,CAACCACACTGAGCCA-1
40x4,CAACCACACTGGCATA-1
40x5,CAACCACAGAATCTGA-1
40x6,CAACCACACACTTCGA-1
40x7,CAACCACACAGCGTTA-1
40x8,CAACCACACATACCAA-1
40x9,CAACCACACCAGTTCA-1
40x10,CAACCACAATTGAGGA-1
40x11,CAACCACACAACCACA-1
40x12,CAACCACAGACTAGTA-1
40x13,CAACCACACAATGGAA-1
40x14,CAACCACAAAGGTACA-1
40x15,CAACCACAACACAGAA-1
40x16,CAACCACAACAGCAGA-1
40x17,CAACCACAACCTCCAA-1
40x18,CAACCACAAACAACCA-1
40x19,CAACCACAAACCGAGA-1
40x20,CAACCACAAACGCTTA-1
40x21,CAACCACAAAGACGGA-1
40x22,CAACCACAAACGTGAT-1
40x23,CAACCACAAAACATCG-1
40x24,CAACCACAATGCCTAA-1
40x25,CAACCACAAGTGGTCA-1
40x26,CAACCACAACCACTGT-1
40x27,CAACCACAACATTGGC-1
40x28,CAACCACACAGATCTG-1
40x29,CAACCACACATCAAGT-1
40x30,CAACCACACGCTGATC-1
40x31,CAACCACAACAAGCTA-1
40x32,CAACCACACTGTAGCC-1
40x33,CAACCACAAGTACAAG-1
40x34,CAACCACAACGCTCGA-1
40x35,CAACCACAACGTATCA-1
40x36,CAACCACAACTATGCA-1
40x37,CAACCACAAGAGTCAA-1
40x38,CAACCACAAGATCGCA-1
40x39,CAACCACAAGCAGGAA-1
40x40,CAACCACAAGTCACTA-1
40x41,CAACCACAATCCTGTA-1
40x42,CAACCACACCGAAGTA-1
40x43,CAACCACACCGTGAGA-1
40x44,CAACCACACCTCCTGA-1
40x45,CAACCACACGAACTTA-1
40x46,CAACCACACGACTGGA-1
40x47,CAACCACACGCATACA-1
40x48,CAACCACACTCAATGA-1
40x49,CAACCACAGATAGACA-1
40x50,CAACCACAGCCACATA-1
41x1,ATTGAGGACAAGACTA-1
41x2,ATTGAGGAGAGCTGAA-1
41x3,ATTGAGGACTGAGCCA-1
41x4,ATTGAGGACTGGCATA-1
41x5,ATTGAGGAGAATCTGA-1
41x6,ATTGAGGACACTTCGA-1
41x7,ATTGAGGACAGCGTTA-1
41x8,ATTGAGGACATACCAA-1
41x9,ATTGAGGACCAGTTCA-1
41x10,ATTGAGGAATTGAGGA-1
41x11,ATTGAGGACAACCACA-1
41x12,ATTGAGGAGACTAGTA-1
41x13,ATTGAGGACAATGGAA-1
41x14,ATTGAGGAAAGGTACA-1
41x15,ATTGAGGAACACAGAA-1
41x16,ATTGAGGAACAGCAGA-1
41x17,ATTGAGGAACCTCCAA-1
41x18,ATTGAGGAAACAACCA-1
41x19,ATTGAGGAAACCGAGA-1
41x20,ATTGAGGAAACGCTTA-1
41x21,ATTGAGGAAAGACGGA-1
41x22,ATTGAGGAAACGTGAT-1
41x23,ATTGAGGAAAACATCG-1
41x24,ATTGAGGAATGCCTAA-1
41x25,ATTGAGGAAGTGGTCA-1
41x26,ATTGAGGAACCACTGT-1
41x27,ATTGAGGAACATTGGC-1
41x28,ATTGAGGACAGATCTG-1
41x29,ATTGAGGACATCAAGT-1
41x30,ATTGAGGACGCTGATC-1
41x31,ATTGAGGAACAAGCTA-1
41x32,ATTGAGGACTGTAGCC-1
41x33,ATTGAGGAAGTACAAG-1
41x34,ATTGAGGAACGCTCGA-1
41x35,ATTGAGGAACGTATCA-1
41x36,ATTGAGGAACTATGCA-1
41x37,ATTGAGGAAGAGTCAA-1
41x38,ATTGAGGAAGATCGCA-1
41x39,ATTGAGGAAGCAGGAA-1
41x40,ATTGAGGAAGTCACTA-1
41x41,ATTGAGGAATCCTGTA-1
41x42,ATTGAGGACCGAAGTA-1
41x43,ATTGAGGACCGTGAGA-1
41x44,ATTGAGGACCTCCTGA-1
41x45,ATTGAGGACGAACTTA-1
41x46,ATTGAGGACGACTGGA-1
41x47,ATTGAGGACGCATACA-1
41x48,ATTGAGGACTCAATGA-1
41x49,ATTGAGGAGATAGACA-1
41x50,ATTGAGGAGCCACATA-1
42x1,CCAGTTCACAAGACTA-1
42x2,CCAGTTCAGAGCTGAA-1
42x3,CCAGTTCACTGAGCCA-1
42x4,CCAGTTCACTGGCATA-1
42x5,CCAGTTCAGAATCTGA-1
42x6,CCAGTTCACACTTCGA-1
42x7,CCAGTTCACAGCGTTA-1
42x8,CCAGTTCACATACCAA-1
42x9,CCAGTTCACCAGTTCA-1
42x10,CCAGTTCAATTGAGGA-1
42x11,CCAGTTCACAACCACA-1
42x12,CCAGTTCAGACTAGTA-1
42x13,CCAGTTCACAATGGAA-1
42x14,CCAGTTCAAAGGTACA-1
42x15,CCAGTTCAACACAGAA-1
42x16,CCAGTTCAACAGCAGA-1
42x17,CCAGTTCAACCTCCAA-1
42x18,CCAGTTCAAACAACCA-1
42x19,CCAGTTCAAACCGAGA-1
42x20,CCAGTTCAAACGCTTA-1
42x21,CCAGTTCAAAGACGGA-1
42x22,CCAGTTCAAACGTGAT-1
42x23,CCAGTTCAAAACATCG-1
42x24,CCAGTTCAATGCCTAA-1
42x25,CCAGTTCAAGTGGTCA-1
42x26,CCAGTTCAACCACTGT-1
42x27,CCAGTTCAACATTGGC-1
42x28,CCAGTTCACAGATCTG-1
42x29,CCAGTTCACATCAAGT-1
42x30,CCAGTTCACGCTGATC-1
42x31,CCAGTTCAACAAGCTA-1
42x32,CCAGTTCACTGTAGCC-1
42x33,CCAGTTCAAGTACAAG-1
42x34,CCAGTTCAACGCTCGA-1
42x35,CCAGTTCAACGTATCA-1
42x36,CCAGTTCAACTATGCA-1
42x37,CCAGTTCAAGAGTCAA-1
42x38,CCAGTTCAAGATCGCA-1
42x39,CCAGTTCAAGCAGGAA-1
42x40,CCAGTTCAAGTCACTA-1
42x41,CCAGTTCAATCCTGTA-1
42x42,CCAGTTCACCGAAGTA-1
42x43,CCAGTTCACCGTGAGA-1
42x44,CCAGTTCACCTCCTGA-1
42x45,CCAGTTCACGAACTTA-1
42x46,CCAGTTCACGACTGGA-1
42x47,CCAGTTCACGCATACA-1
42x48,CCAGTTCACTCAATGA-1
42x49,CCAGTTCAGATAGACA-1
42x50,CCAGTTCAGCCACATA-1
43x1,CATACCAACAAGACTA-1
43x2,CATACCAAGAGCTGAA-1
43x3,CATACCAACTGAGCCA-1
43x4,CATACCAACTGGCATA-1
43x5,CATACCAAGAATCTGA-1
43x6,CATACCAACACTTCGA-1
43x7,CATACCAACAGCGTTA-1
43x8,CATACCAACATACCAA-1
43x9,CATACCAACCAGTTCA-1
43x10,CATACCAAATTGAGGA-1
43x11,CATACCAACAACCACA-1
43x12,CATACCAAGACTAGTA-1
43x13,CATACCAACAATGGAA-1
43x14,CATACCAAAAGGTACA-1
43x15,CATACCAAACACAGAA-1
43x16,CATACCAAACAGCAGA-1
43x17,CATACCAAACCTCCAA-1
43x18,CATACCAAAACAACCA-1
43x19,CATACCAAAACCGAGA-1
43x20,CATACCAAAACGCTTA-1
43x21,CATACCAAAAGACGGA-1
43x22,CATACCAAAACGTGAT-1
43x23,CATACCAAAAACATCG-1
43x24,CATACCAAATGCCTAA-1
43x25,CATACCAAAGTGGTCA-1
43x26,CATACCAAACCACTGT-1
43x27,CATACCAAACATTGGC-1
43x28,CATACCAACAGATCTG-1
43x29,CATACCAACATCAAGT-1
43x30,CATACCAACGCTGATC-1
43x31,CATACCAAACAAGCTA-1
43x32,CATACCAACTGTAGCC-1
43x33,CATACCAAAGTACAAG-1
43x34,CATACCAAACGCTCGA-1
43x35,CATACCAAACGTATCA-1
43x36,CATACCAAACTATGCA-1
43x37,CATACCAAAGAGTCAA-1
43x38,CATACCAAAGATCGCA-1
43x39,CATACCAAAGCAGGAA-1
43x40,CATACCAAAGTCACTA-1
43x41,CATACCAAATCCTGTA-1
43x42,CATACCAACCGAAGTA-1
43x43,CATACCAACCGTGAGA-1
43x44,CATACCAACCTCCTGA-1
43x45,CATACCAACGAACTTA-1
43x46,CATACCAACGACTGGA-1
43x47,CATACCAACGCATACA-1
43x48,CATACCAACTCAATGA-1
43x49,CATACCAAGATAGACA-1
43x50,CATACCAAGCCACATA-1
44x1,CAGCGTTACAAGACTA-1
44x2,CAGCGTTAGAGCTGAA-1
44x3,CAGCGTTACTGAGCCA-1
44x4,CAGCGTTACTGGCATA-1
44x5,CAGCGTTAGAATCTGA-1
44x6,CAGCGTTACACTTCGA-1
44x7,CAGCGTTACAGCGTTA-1
44x8,CAGCGTTACATACCAA-1
44x9,CAGCGTTACCAGTTCA-1
44x10,CAGCGTTAATTGAGGA-1
44x11,CAGCGTTACAACCACA-1
44x12,CAGCGTTAGACTAGTA-1
44x13,CAGCGTTACAATGGAA-1
44x14,CAGCGTTAAAGGTACA-1
44x15,CAGCGTTAACACAGAA-1
44x16,CAGCGTTAACAGCAGA-1
44x17,CAGCGTTAACCTCCAA-1
44x18,CAGCGTTAAACAACCA-1
44x19,CAGCGTTAAACCGAGA-1
44x20,CAGCGTTAAACGCTTA-1
44x21,CAGCGTTAAAGACGGA-1
44x22,CAGCGTTAAACGTGAT-1
44x23,CAGCGTTAAAACATCG-1
44x24,CAGCGTTAATGCCTAA-1
44x25,CAGCGTTAAGTGGTCA-1
44x26,CAGCGTTAACCACTGT-1
44x27,CAGCGTTAACATTGGC-1
44x28,CAGCGTTACAGATCTG-1
44x29,CAGCGTTACATCAAGT-1
44x30,CAGCGTTACGCTGATC-1
44x31,CAGCGTTAACAAGCTA-1
44x32,CAGCGTTACTGTAGCC-1
44x33,CAGCGTTAAGTACAAG-1
44x34,CAGCGTTAACGCTCGA-1
44x35,CAGCGTTAACGTATCA-1
44x36,CAGCGTTAACTATGCA-1
44x37,CAGCGTTAAGAGTCAA-1
44x38,CAGCGTTAAGATCGCA-1
44x39,CAGCGTTAAGCAGGAA-1
44x40,CAGCGTTAAGTCACTA-1
44x41,CAGCGTTAATCCTGTA-1
44x42,CAGCGTTACCGAAGTA-1
44x43,CAGCGTTACCGTGAGA-1
44x44,CAGCGTTACCTCCTGA-1
44x45,CAGCGTTACGAACTTA-1
44x46,CAGCGTTACGACTGGA-1
44x47,CAGCGTTACGCATACA-1
44x48,CAGCGTTACTCAATGA-1
44x49,CAGCGTTAGATAGACA-1
44x50,CAGCGTTAGCCACATA-1
45x1,CACTTCGACAAGACTA-1
45x2,CACTTCGAGAGCTGAA-1
45x3,CACTTCGACTGAGCCA-1
45x4,CACTTCGACTGGCATA-1
45x5,CACTTCGAGAATCTGA-1
45x6,CACTTCGACACTTCGA-1
45x7,CACTTCGACAGCGTTA-1
45x8,CACTTCGACATACCAA-1
45x9,CACTTCGACCAGTTCA-1
45x10,CACTTCGAATTGAGGA-1
45x11,CACTTCGACAACCACA-1
45x12,CACTTCGAGACTAGTA-1
45x13,CACTTCGACAATGGAA-1
45x14,CACTTCGAAAGGTACA-1
45x15,CACTTCGAACACAGAA-1
45x16,CACTTCGAACAGCAGA-1
45x17,CACTTCGAACCTCCAA-1
45x18,CACTTCGAAACAACCA-1
45x19,CACTTCGAAACCGAGA-1
45x20,CACTTCGAAACGCTTA-1
45x21,CACTTCGAAAGACGGA-1
45x22,CACTTCGAAACGTGAT-1
45x23,CACTTCGAAAACATCG-1
45x24,CACTTCGAATGCCTAA-1
45x25,CACTTCGAAGTGGTCA-1
45x26,CACTTCGAACCACTGT-1
45x27,CACTTCGAACATTGGC-1
45x28,CACTTCGACAGATCTG-1
45x29,CACTTCGACATCAAGT-1
45x30,CACTTCGACGCTGATC-1
45x31,CACTTCGAACAAGCTA-1
45x32,CACTTCGACTGTAGCC-1
45x33,CACTTCGAAGTACAAG-1
45x34,CACTTCGAACGCTCGA-1
45x35,CACTTCGAACGTATCA-1
45x36,CACTTCGAACTATGCA-1
45x37,CACTTCGAAGAGTCAA-1
45x38,CACTTCGAAGATCGCA-1
45x39,CACTTCGAAGCAGGAA-1
45x40,CACTTCGAAGTCACTA-1
45x41,CACTTCGAATCCTGTA-1
45x42,CACTTCGACCGAAGTA-1
45x43,CACTTCGACCGTGAGA-1
45x44,CACTTCGACCTCCTGA-1
45x45,CACTTCGACGAACTTA-1
45x46,CACTTCGACGACTGGA-1
45x47,CACTTCGACGCATACA-1
45x48,CACTTCGACTCAATGA-1
45x49,CACTTCGAGATAGACA-1
45x50,CACTTCGAGCCACATA-1
46x1,GAATCTGACAAGACTA-1
46x2,GAATCTGAGAGCTGAA-1
46x3,GAATCTGACTGAGCCA-1
46x4,GAATCTGACTGGCATA-1
46x5,GAATCTGAGAATCTGA-1
46x6,GAATCTGACACTTCGA-1
46x7,GAATCTGACAGCGTTA-1
46x8,GAATCTGACATACCAA-1
46x9,GAATCTGACCAGTTCA-1
46x10,GAATCTGAATTGAGGA-1
46x11,GAATCTGACAACCACA-1
46x12,GAATCTGAGACTAGTA-1
46x13,GAATCTGACAATGGAA-1
46x14,GAATCTGAAAGGTACA-1
46x15,GAATCTGAACACAGAA-1
46x16,GAATCTGAACAGCAGA-1
46x17,GAATCTGAACCTCCAA-1
46x18,GAATCTGAAACAACCA-1
46x19,GAATCTGAAACCGAGA-1
46x20,GAATCTGAAACGCTTA-1
46x21,GAATCTGAAAGACGGA-1
46x22,GAATCTGAAACGTGAT-1
46x23,GAATCTGAAAACATCG-1
46x24,GAATCTGAATGCCTAA-1
46x25,GAATCTGAAGTGGTCA-1
46x26,GAATCTGAACCACTGT-1
46x27,GAATCTGAACATTGGC-1
46x28,GAATCTGACAGATCTG-1
46x29,GAATCTGACATCAAGT-1
46x30,GAATCTGACGCTGATC-1
46x31,GAATCTGAACAAGCTA-1
46x32,GAATCTGACTGTAGCC-1
46x33,GAATCTGAAGTACAAG-1
46x34,GAATCTGAACGCTCGA-1
46x35,GAATCTGAACGTATCA-1
46x36,GAATCTGAACTATGCA-1
46x37,GAATCTGAAGAGTCAA-1
46x38,GAATCTGAAGATCGCA-1
46x39,GAATCTGAAGCAGGAA-1
46x40,GAATCTGAAGTCACTA-1
46x41,GAATCTGAATCCTGTA-1
46x42,GAATCTGACCGAAGTA-1
46x43,GAATCTGACCGTGAGA-1
46x44,GAATCTGACCTCCTGA-1
46x45,GAATCTGACGAACTTA-1
46x46,GAATCTGACGACTGGA-1
46x47,GAATCTGACGCATACA-1
46x48,GAATCTGACTCAATGA-1
46x49,GAATCTGAGATAGACA-1
46x50,GAATCTGAGCCACATA-1
47x1,CTGGCATACAAGACTA-1
47x2,CTGGCATAGAGCTGAA-1
47x3,CTGGCATACTGAGCCA-1
47x4,CTGGCATACTGGCATA-1
47x5,CTGGCATAGAATCTGA-1
47x6,CTGGCATACACTTCGA-1
47x7,CTGGCATACAGCGTTA-1
47x8,CTGGCATACATACCAA-1
47x9,CTGGCATACCAGTTCA-1
47x10,CTGGCATAATTGAGGA-1
47x11,CTGGCATACAACCACA-1
47x12,CTGGCATAGACTAGTA-1
47x13,CTGGCATACAATGGAA-1
47x14,CTGGCATAAAGGTACA-1
47x15,CTGGCATAACACAGAA-1
47x16,CTGGCATAACAGCAGA-1
47x17,CTGGCATAACCTCCAA-1
47x18,CTGGCATAAACAACCA-1
47x19,CTGGCATAAACCGAGA-1
47x20,CTGGCATAAACGCTTA-1
47x21,CTGGCATAAAGACGGA-1
47x22,CTGGCATAAACGTGAT-1
47x23,CTGGCATAAAACATCG-1
47x24,CTGGCATAATGCCTAA-1
47x25,CTGGCATAAGTGGTCA-1
47x26,CTGGCATAACCACTGT-1
47x27,CTGGCATAACATTGGC-1
47x28,CTGGCATACAGATCTG-1
47x29,CTGGCATACATCAAGT-1
47x30,CTGGCATACGCTGATC-1
47x31,CTGGCATAACAAGCTA-1
47x32,CTGGCATACTGTAGCC-1
47x33,CTGGCATAAGTACAAG-1
47x34,CTGGCATAACGCTCGA-1
47x35,CTGGCATAACGTATCA-1
47x36,CTGGCATAACTATGCA-1
47x37,CTGGCATAAGAGTCAA-1
47x38,CTGGCATAAGATCGCA-1
47x39,CTGGCATAAGCAGGAA-1
47x40,CTGGCATAAGTCACTA-1
47x41,CTGGCATAATCCTGTA-1
47x42,CTGGCATACCGAAGTA-1
47x43,CTGGCATACCGTGAGA-1
47x44,CTGGCATACCTCCTGA-1
47x45,CTGGCATACGAACTTA-1
47x46,CTGGCATACGACTGGA-1
47x47,CTGGCATACGCATACA-1
47x48,CTGGCATACTCAATGA-1
47x49,CTGGCATAGATAGACA-1
47x50,CTGGCATAGCCACATA-1
48x1,CTGAGCCACAAGACTA-1
48x2,CTGAGCCAGAGCTGAA-1
48x3,CTGAGCCACTGAGCCA-1
48x4,CTGAGCCACTGGCATA-1
48x5,CTGAGCCAGAATCTGA-1
48x6,CTGAGCCACACTTCGA-1
48x7,CTGAGCCACAGCGTTA-1
48x8,CTGAGCCACATACCAA-1
48x9,CTGAGCCACCAGTTCA-1
48x10,CTGAGCCAATTGAGGA-1
48x11,CTGAGCCACAACCACA-1
48x12,CTGAGCCAGACTAGTA-1
48x13,CTGAGCCACAATGGAA-1
48x14,CTGAGCCAAAGGTACA-1
48x15,CTGAGCCAACACAGAA-1
48x16,CTGAGCCAACAGCAGA-1
48x17,CTGAGCCAACCTCCAA-1
48x18,CTGAGCCAAACAACCA-1
48x19,CTGAGCCAAACCGAGA-1
48x20,CTGAGCCAAACGCTTA-1
48x21,CTGAGCCAAAGACGGA-1
48x22,CTGAGCCAAACGTGAT-1
48x23,CTGAGCCAAAACATCG-1
48x24,CTGAGCCAATGCCTAA-1
48x25,CTGAGCCAAGTGGTCA-1
48x26,CTGAGCCAACCACTGT-1
48x27,CTGAGCCAACATTGGC-1
48x28,CTGAGCCACAGATCTG-1
48x29,CTGAGCCACATCAAGT-1
48x30,CTGAGCCACGCTGATC-1
48x31,CTGAGCCAACAAGCTA-1
48x32,CTGAGCCACTGTAGCC-1
48x33,CTGAGCCAAGTACAAG-1
48x34,CTGAGCCAACGCTCGA-1
48x35,CTGAGCCAACGTATCA-1
48x36,CTGAGCCAACTATGCA-1
48x37,CTGAGCCAAGAGTCAA-1
48x38,CTGAGCCAAGATCGCA-1
48x39,CTGAGCCAAGCAGGAA-1
48x40,CTGAGCCAAGTCACTA-1
48x41,CTGAGCCAATCCTGTA-1
48x42,CTGAGCCACCGAAGTA-1
48x43,CTGAGCCACCGTGAGA-1
48x44,CTGAGCCACCTCCTGA-1
48x45,CTGAGCCACGAACTTA-1
48x46,CTGAGCCACGACTGGA-1
48x47,CTGAGCCACGCATACA-1
48x48,CTGAGCCACTCAATGA-1
48x49,CTGAGCCAGATAGACA-1
48x50,CTGAGCCAGCCACATA-1
49x1,GAGCTGAACAAGACTA-1
49x2,GAGCTGAAGAGCTGAA-1
49x3,GAGCTGAACTGAGCCA-1
49x4,GAGCTGAACTGGCATA-1
49x5,GAGCTGAAGAATCTGA-1
49x6,GAGCTGAACACTTCGA-1
49x7,GAGCTGAACAGCGTTA-1
49x8,GAGCTGAACATACCAA-1
49x9,GAGCTGAACCAGTTCA-1
49x10,GAGCTGAAATTGAGGA-1
49x11,GAGCTGAACAACCACA-1
49x12,GAGCTGAAGACTAGTA-1
49x13,GAGCTGAACAATGGAA-1
49x14,GAGCTGAAAAGGTACA-1
49x15,GAGCTGAAACACAGAA-1
49x16,GAGCTGAAACAGCAGA-1
49x17,GAGCTGAAACCTCCAA-1
49x18,GAGCTGAAAACAACCA-1
49x19,GAGCTGAAAACCGAGA-1
49x20,GAGCTGAAAACGCTTA-1
49x21,GAGCTGAAAAGACGGA-1
49x22,GAGCTGAAAACGTGAT-1
49x23,GAGCTGAAAAACATCG-1
49x24,GAGCTGAAATGCCTAA-1
49x25,GAGCTGAAAGTGGTCA-1
49x26,GAGCTGAAACCACTGT-1
49x27,GAGCTGAAACATTGGC-1
49x28,GAGCTGAACAGATCTG-1
49x29,GAGCTGAACATCAAGT-1
49x30,GAGCTGAACGCTGATC-1
49x31,GAGCTGAAACAAGCTA-1
49x32,GAGCTGAACTGTAGCC-1
49x33,GAGCTGAAAGTACAAG-1
49x34,GAGCTGAAACGCTCGA-1
49x35,GAGCTGAAACGTATCA-1
49x36,GAGCTGAAACTATGCA-1
49x37,GAGCTGAAAGAGTCAA-1
49x38,GAGCTGAAAGATCGCA-1
49x39,GAGCTGAAAGCAGGAA-1
49x40,GAGCTGAAAGTCACTA-1
49x41,GAGCTGAAATCCTGTA-1
49x42,GAGCTGAACCGAAGTA-1
49x43,GAGCTGAACCGTGAGA-1
49x44,GAGCTGAACCTCCTGA-1
49x45,GAGCTGAACGAACTTA-1
49x46,GAGCTGAACGACTGGA-1
49x47,GAGCTGAACGCATACA-1
49x48,GAGCTGAACTCAATGA-1
49x49,GAGCTGAAGATAGACA-1
49x50,GAGCTGAAGCCACATA-1
50x1,CAAGACTACAAGACTA-1
50x2,CAAGACTAGAGCTGAA-1
50x3,CAAGACTACTGAGCCA-1
50x4,CAAGACTACTGGCATA-1
50x5,CAAGACTAGAATCTGA-1
50x6,CAAGACTACACTTCGA-1
50x7,CAAGACTACAGCGTTA-1
50x8,CAAGACTACATACCAA-1
50x9,CAAGACTACCAGTTCA-1
50x10,CAAGACTAATTGAGGA-1
50x11,CAAGACTACAACCACA-1
50x12,CAAGACTAGACTAGTA-1
50x13,CAAGACTACAATGGAA-1
50x14,CAAGACTAAAGGTACA-1
50x15,CAAGACTAACACAGAA-1
50x16,CAAGACTAACAGCAGA-1
50x17,CAAGACTAACCTCCAA-1
50x18,CAAGACTAAACAACCA-1
50x19,CAAGACTAAACCGAGA-1
50x20,CAAGACTAAACGCTTA-1
50x21,CAAGACTAAAGACGGA-1
50x22,CAAGACTAAACGTGAT-1
50x23,CAAGACTAAAACATCG-1
50x24,CAAGACTAATGCCTAA-1
50x25,CAAGACTAAGTGGTCA-1
50x26,CAAGACTAACCACTGT-1
50x27,CAAGACTAACATTGGC-1
50x28,CAAGACTACAGATCTG-1
50x29,CAAGACTACATCAAGT-1
50x30,CAAGACTACGCTGATC-1
50x31,CAAGACTAACAAGCTA-1
50x32,CAAGACTACTGTAGCC-1
50x33,CAAGACTAAGTACAAG-1
50x34,CAAGACTAACGCTCGA-1
50x35,CAAGACTAACGTATCA-1
50x36,CAAGACTAACTATGCA-1
50x37,CAAGACTAAGAGTCAA-1
50x38,CAAGACTAAGATCGCA-1
50x39,CAAGACTAAGCAGGAA-1
50x40,CAAGACTAAGTCACTA-1
50x41,CAAGACTAATCCTGTA-1
50x42,CAAGACTACCGAAGTA-1
50x43,CAAGACTACCGTGAGA-1
50x44,CAAGACTACCTCCTGA-1
50x45,CAAGACTACGAACTTA-1
50x46,CAAGACTACGACTGGA-1
50x47,CAAGACTACGCATACA-1
50x48,CAAGACTACTCAATGA-1
50x49,CAAGACTAGATAGACA-1
50x50,CAAGACTAGCCACATA-1
